Date,Ticker,Timeframe,Action,result,Reason,Risk(%),Entry Price,Target Price,Exit Price,Stop Loss,Take Profit,Price at Entry,ADX,ROC,RSI,MFI,OBV ROC,Volume ROC,Trend Type,Volatility Type,Return (%)
2024-02-07,9348.T,1d,BUY,WIN,短期反発期待、割安感,60,970,1050,1625.0,0,0,1007.0,30.777479207035036,-4.273926765276248,0.6675974175636403,-7.86912757524431,56.749297926935235,37.147887323943664,None,Weak Trend,4.270109235352533
2024-06-05,6526.T,1d,BUY,LOSS,RSIダイバージェンス発生、VWAP乖離,55,3950,4350,4257.686131606867,0,0,4081.9814453125,14.47809738623648,-6.482399247035408,0.6802195164082223,-5.879574645720917,65.90299214522824,44.73561134103339,Bullish,Range/Chop,-3.233269114048999
2024-03-14,5713.T,1d,BUY,WIN,RSIダイバージェンスと雲抜けを重視,60,4138.495863062296,4250,5420.296176995606,0,0,4101.16064453125,15.211987139706608,7.433877530288546,2.984781638824171,6.85741371222603,38.56896494190107,66.48428227582394,Bullish,Weak Trend,3.629200813365405
2024-11-27,8001.T,1d,BUY,WIN,売られすぎ、ダイバージェンス,60,7177.738031223699,7500,7792.181095859734,0,0,7140.07080078125,31.987738802661458,-4.791985554823097,0.8752122915928916,-5.239959309458242,36.36432348091987,29.97392651987586,Bullish,Strong Trend,5.040975212449818
2023-11-30,6702.T,1d,BUY,WIN,トレンド継続期待,65,2107.9270010054697,2280,2360.3091516519144,0,0,2072.753662109375,58.89122112833586,6.73458446798243,1.5132124216924145,4.702083406664846,36.29817798768982,78.46151491000037,Bullish,Strong Trend,1.696937727771275
2021-08-20,8035.T,1d,BUY,WIN,RSI Divergenceで反発期待,60,12853.590935513963,13500,18409.18518073878,0,0,12776.8642578125,10.350264557540688,-5.387665679436249,1.2492844486847485,-4.824233013739049,41.377492485924726,38.214249573242654,Bullish,Weak Trend,5.659727829896399
2021-11-26,4661.T,1d,BUY,LOSS,VWAP乖離と雲上限支持,40,3600,3850,4525.8413136017625,0,0,3716.98486328125,56.41011280942933,0.39420907589176046,0.8361840987941869,-0.14209933875324615,48.0348137279603,56.87077686389051,None,Weak Trend,-3.14730534517106
2023-05-30,9432.T,1d,BUY,WIN,売られすぎ、反発期待,60,145.34401935679816,152,165.21374365562576,0,0,148.31375122070312,17.965252371238016,-2.835310132667246,0.9885194506342323,-3.480602680612733,48.22613900882621,33.45941455004311,None,Weak Trend,2.485439650037192
2022-11-21,6890.T,1d,BUY,WIN,トレンド継続、RSIダイバージェンス,65,2700,3000,3059.664106271735,0,0,2851.854736328125,58.46593266536811,21.44331021870467,0.8364422418531244,10.7347649912179,26.211481425097098,76.17275382530556,Bullish,Strong Trend,5.194698796707221
2022-03-28,4180.T,1d,BUY,WIN,RSI強気乖離、短期反発期待,55,810,875,1143.4516129617798,0,0,842.8587036132812,19.42060383629206,-5.1344299017243245,0.5248377492462737,-2.8848776957945543,47.589139183358704,45.78544063545669,Bullish,Weak Trend,3.8133670861950018
2022-10-25,6506.T,1d,BUY,WIN,"RSIダイバージェンス, VWAP下",55,3867.06234128501,4100,4715.2207642854855,0,0,3887.065185546875,34.825273292604365,-4.263347778209514,0.8642931441773952,-3.089773240040682,40.90023985730045,34.39153553373117,Bullish,Weak Trend,5.478035594691654
2024-12-23,4568.T,1d,BUY,LOSS,売られ過ぎからの反発狙い,65,4100,4500,4474.607005685309,0,0,4295.19140625,28.167761831837943,-3.635498868136522,0.5517099610685998,-3.290446786865331,28.550148274886478,18.569792249479846,Bullish,Strong Trend,-4.544416948822675
2023-12-25,3687.T,1d,BUY,WIN,VWAP乖離と雲抜けで買い,60,1176.6532817383484,1280,2464.0431161876354,0,0,1215.3726806640625,16.81035235167041,-1.6577860572646541,0.6933563629634198,-3.800724284754657,56.870743648803185,48.29721541437686,None,Weak Trend,5.317489883072412
2022-06-03,9432.T,1d,BUY,LOSS,上昇トレンド継続期待、リスク低減,60,136.82330198380964,145,143.26277477604026,0,0,139.96693420410156,27.22849964770442,0.7769320186428397,0.7074440190311191,0.08836803697306365,41.893914118306974,60.243497433185944,None,Weak Trend,-2.245982051523566
2025-05-01,9166.T,1d,BUY,WIN,強気ダイバージェンス発生,60,1043.357142857143,1130,1217.0,0,0,1070.0,27.593677115030783,-3.4470312218011223,0.6817012130569622,-0.15994253399069489,64.23101681007124,44.86301369863014,Bullish,Volatile Transition,5.607476635514018
2022-03-23,6857.T,1d,BUY,LOSS,RSI Divergenceと雲抜け期待,65,2153.545329469217,2450,2379.0404472976434,0,0,2286.968994140625,35.21847340427046,6.9753646581558915,0.9786891381520001,9.278049348025194,41.34082453567864,58.4717350791166,Bullish,Weak Trend,-5.83408279750398
2022-03-09,6890.T,1d,BUY,WIN,売られ過ぎ、ダイバージェンス,60,1680,1930,2695.5290671916823,0,0,1756.3609619140625,39.29169093171118,-17.153682016940486,0.628640114625205,-15.923497987727128,36.79926437524409,22.598343807919306,Bullish,Strong Trend,9.886295690420472
2024-06-21,8316.T,1d,BUY,WIN,RSI売られすぎ、VWAP乖離から反発期待,65,3151.6319066740402,3300,3585.4255675605787,0,0,3158.96533203125,27.023878339033445,-0.5679587026623745,0.9885023363800294,-1.2435324523189843,50.462761869851214,33.81815831333293,None,Weak Trend,4.464584227585148
2024-11-21,3993.T,1d,BUY,WIN,VWAPから反発期待,55,3412.5,3650,4790.0,0,0,3480.0,13.700152258675859,-3.424543486706999,0.9163781970457654,-4.4747249363435975,64.63554248066346,45.2991452991453,None,Range/Chop,4.885057471264368
2024-12-26,4483.T,1d,BUY,LOSS,RSI divergence+oversold,60,3710.4137785669654,4000,4119.9433129287345,0,0,3768.90771484375,16.344390503748354,-6.057903638886342,1.1553057498615356,-5.15284233511885,48.55315841077818,31.533076306512612,Bullish,Weak Trend,-1.5520129624402217
2025-06-30,9432.T,1d,BUY,LOSS,"RSI, VWAPから反発期待",60,149.86160641826993,157,164.41509302771848,0,0,151.43495178222656,52.75894769810609,-0.5013678108003572,1.4758104269684647,-0.21872746662863468,36.17641239792681,40.251536113301526,None,Strong Trend,-1.038957879564823
2024-11-21,6228.T,1d,BUY,LOSS,RSIダイバージェンス、短期反発狙い,60,1150,1300,1486.0,0,0,1213.732177734375,25.286893278344426,-2.500957987574781,0.8347933628774605,-1.6428065797256788,61.74828826245279,41.71975020492957,Bullish,Weak Trend,-5.2509259376595985
2025-07-04,5595.T,1d,BUY,WIN,RSI売られ過ぎ、VWAP乖離,60,1790,1950,2409.0,0,0,1859.0,22.296787016297426,-14.838839719275098,0.7566504149312758,-16.27574660382406,44.237314862922595,27.483751160631385,None,Weak Trend,4.895104895104895
2021-12-10,7012.T,1d,BUY,WIN,RSIダイバージェンス、VWAP乖離,45,1780,1900,2214.492857944495,0,0,1826.24365234375,38.26827283019791,-3.3291801321585934,0.6577093843676377,-1.7315658944626833,47.97085542857145,39.323438171037836,Bullish,Weak Trend,4.038691527365101
2023-05-30,9107.T,1d,BUY,LOSS,RSI Divergence & Cloud,65,950,1020,1497.6717666460736,0,0,979.6465454101562,15.806120187105138,0.5668265803199457,0.7023308261740993,-0.10441500855054592,54.148854056785375,39.622626382791644,Bullish,Weak Trend,-3.0262491659932205
2024-10-16,6228.T,1d,BUY,LOSS,RSIダイバージェンス、VWAP下回りで反発期待,60,1300,1450,1486.0,0,0,1359.857177734375,15.089530293116168,-10.346816382811507,1.1583372255955162,-10.750192905572934,40.86498269971705,38.6329900432432,Bullish,Weak Trend,-4.401725321926938
2023-03-01,6920.T,1d,BUY,LOSS,RSIダイバージェンスと売られすぎ,60,20500,22500,22968.353412851025,0,0,21199.322265625,39.5715300869036,-6.002589874941478,1.2119545970343224,-3.274103891995973,56.26588829550948,37.96295536210686,Bullish,Weak Trend,-3.2987953900722613
2022-04-28,8001.T,1d,BUY,LOSS,VWAP乖離、雲抜けに期待,60,3480,3650,3608.0978755888423,0,0,3555.64892578125,21.57723235984737,-2.288201609995655,1.317730597479248,-1.0938837763606613,50.05703317959524,48.05824797371476,None,Weak Trend,-2.1275701668051594
2022-09-05,4661.T,1d,BUY,LOSS,RSI売られすぎ。VWAP下乖離,60,3900,4150,4080.47234252571,0,0,3997.35888671875,24.737688171732806,-2.3191979355210224,0.7381527217558115,-1.9657217328143597,57.21768750197958,36.85123854750177,None,Weak Trend,-2.435580328857274
2022-09-30,6723.T,1d,BUY,WIN,RSIダイバージェンス発生,55,1167.1704958484681,1250,1393.4003296326755,0,0,1172.465576171875,12.05069029661166,-7.227319803429788,1.2583694916494912,-6.362091934568957,41.77724652053926,32.8124676137308,Bullish,Weak Trend,6.612938188025659
2024-12-16,3436.T,1d,BUY,WIN,RSIダイバージェンス発生,60,1090,1180,1276.510205261307,0,0,1120.042724609375,22.561362653055244,-8.264288256096041,0.6343403350921729,-8.082637515559655,54.021387615440254,35.57550732158337,Bullish,Weak Trend,5.3531239544041185
2022-02-10,7532.T,1d,BUY,WIN,トレンド↑、RSIダイバージェンス強気,60,355.8666913532699,350,408.400146484375,0,0,329.9811706542969,31.201080138647068,8.368612389052487,1.4889476225318181,7.893345367535855,37.35483707972569,74.7944825483001,Bullish,Strong Trend,6.066658078098569
2025-06-17,9984.T,1d,BUY,WIN,トレンドフォロー、雲上抜け,60,8508.234048379267,9000,18008.951730923625,0,0,8664.873046875,26.428143364773696,11.769348147463333,1.4661456156482489,9.937945807482421,26.386982795938998,69.50835006020793,None,Strong Trend,3.8676498929879193
2024-07-23,8031.T,1d,BUY,LOSS,RSI Divergence & 売られすぎ,60,3350,3600,3458.5617190783482,0,0,3456.653076171875,11.382200205484326,-2.846993868428427,0.6218536349087387,-2.890648847020672,51.00009634820222,36.61204222831922,Bullish,Weak Trend,-3.085443457056143
2022-04-27,9432.T,1d,BUY,WIN,VWAP上方乖離、上昇継続期待,65,132.8032705633425,138,145.2689589378702,0,0,134.3782501220703,39.6705653103116,1.7005562970413113,2.5072412075973665,1.157385168360139,63.090949234246196,64.73125508943203,None,Volatile Transition,2.6951905346584435
2025-04-09,4661.T,1d,BUY,WIN,RSIダイバージェンス、VWAP乖離,55,2961.077687699476,3150,3423.2194392449533,0,0,2972.612060546875,43.255093021886886,-2.504902796727837,1.219635960327626,-0.7970048678593342,38.74942673352393,33.52451689209569,Bullish,Weak Trend,5.967409666651583
2022-10-26,8306.T,1d,BUY,WIN,トレンド継続期待,60,660.2314943706817,675,903.0048473690365,0,0,643.2935180664062,33.30607832610976,4.717660242072785,0.6989279853630266,5.878509716534612,28.428109693114898,74.77477067766625,Bullish,Strong Trend,4.928773731297062
2024-11-27,1605.T,1d,BUY,WIN,RSIダイバージェンス発生,65,1867.981195359994,1980,1964.5867921156469,0,0,1859.12060546875,21.732886687230682,-2.9051267615179177,0.9533131043111143,-3.230479910814437,55.66325253367529,35.5684961551201,Bullish,Weak Trend,0.4766011341695566
2024-11-28,9984.T,1d,BUY,LOSS,底打ちの可能性。RSI割安,60,8800,9400,10847.455993396967,0,0,9012.65234375,14.503329316189335,0.29351876609897687,0.7346756419886584,-0.3766785483632355,38.75225892704186,41.208791208791204,None,Weak Trend,-2.3594868151933976
2024-12-02,7267.T,1d,BUY,LOSS,RSIダイバージェンス、VWAP負乖離,55,1210,1320,1548.1312712862011,0,0,1244.6229248046875,50.318644037219634,-7.073011835032473,0.8216052536480205,-4.93018454881813,52.15414626275768,36.11581488275281,Bullish,Weak Trend,-2.781800344077762
2022-04-18,8766.T,1d,BUY,LOSS,トレンド強、RSI売られすぎ。雲上。,65,1992.9571820096398,2150,2480.915357471248,0,0,2033.211181640625,46.39894246432167,-1.2697531968426046,0.7709172487635751,-1.8805326360734742,32.712045054581914,27.104651752221955,None,Strong Trend,-1.9798238370154781
2023-07-28,6702.T,1d,BUY,LOSS,RSIダイバージェンス、売られすぎ,60,1735.313855839579,1830,1845.1127390578781,0,0,1763.2596435546875,11.921686127296093,-1.5505898492899628,2.947289498003522,-1.3222137390504751,54.02537710222536,46.9697070351425,Bullish,Weak Trend,-1.5848935134005846
2024-12-30,5411.T,1d,BUY,LOSS,"RSIダイバージェンス, VWAP乖離。",60,1655.8191980719796,1800,1922.1504364507484,0,0,1697.502197265625,8.53312845870502,3.891786024461852,0.8401407387842885,3.949550537925383,33.90058537223121,59.38306166422686,Bullish,Weak Trend,-2.455549056772316
2025-08-06,7013.T,1d,BUY,LOSS,上昇トレンド継続期待,60,2300,2550,3268.0,0,0,2438.7744140625,39.05505482053706,8.912529562684135,3.4134689603590127,6.45949338293606,43.099395443853275,65.4661056228586,None,Weak Trend,-5.690334180246306
2022-04-27,9984.T,1d,BUY,LOSS,売られすぎ、雲の上、小反発期待,60,4874,5574,5727.611985005218,0,0,5074.45458984375,26.028226470958355,-6.4997873400873925,1.3896893244640465,-6.222170797956742,45.25179358893042,35.800249374762984,None,Weak Trend,-3.9502686701532252
2025-08-26,9166.T,1d,BUY,LOSS,RSIダイバージェンス、VWAP下方乖離,60,830,920,971.0,0,0,860.0,16.476204522246096,-7.311605449215386,1.1963646378408153,-6.894007996626264,45.59074991869929,40.33898305084746,Bullish,Weak Trend,-3.488372093023256
2025-01-17,5595.T,1d,BUY,WIN,RSI底値圏&ダイバージェンス発生,60,830,920,1278.0,0,0,853.0,35.42740423693771,-22.903109182935655,1.7532551023032152,-19.429900116519192,31.76623641316123,29.856115107913666,Bullish,Strong Trend,7.854630715123095
2022-09-21,3436.T,1d,BUY,LOSS,RSIダイバージェンス、VWAP割安圏,60,1680,1780,1970.513186178492,0,0,1715.5931396484375,15.17486296950351,-3.838130786988203,0.9463919074210785,-3.5508119209393416,49.56861313119356,38.69862367388755,Bullish,Weak Trend,-2.074684190899208
2024-05-31,5253.T,1d,BUY,WIN,RSIダイバージェンスとVWAP乖離,60,1650,1850,2260.0,0,0,1726.0,11.982102711114397,0.044051842062553526,1.9424480795012133,-2.328383104515477,46.3220382510519,50.43273013375295,Bullish,Weak Trend,7.184241019698725
2023-11-29,6501.T,1d,BUY,WIN,雲の上、上昇期待,60,1925.749801080206,2000,2527.0892248663854,0,0,1953.1500244140625,63.37474007233428,2.4753849465414035,1.525436333635455,0.9052205308692751,43.609621868365785,60.76368126148871,None,Weak Trend,2.3986880168097846
2025-07-08,8766.T,1d,BUY,WIN,RSIダイバージェンス、VWAP下,55,5578.338931073514,5850,6597.204639729147,0,0,5668.08984375,28.885730741350752,-3.673927690584722,1.6535243878464865,-2.912190976984114,46.47177367989856,39.307032325437895,Bullish,Weak Trend,3.2093731974023987
2023-11-02,6890.T,1d,BUY,WIN,RSI Divergenceと売られ過ぎ,60,2477.5057248855114,2650,2860.068785838592,0,0,2460.116455078125,16.724063390564645,-2.8733397046553866,0.8809126935225482,-2.796180658614074,50.22490840863245,37.23682026050078,Bullish,Weak Trend,7.7184779009107904
2021-09-21,6203.T,1d,BUY,LOSS,上昇トレンド継続の可能性,60,754.5395655984422,800,787.6133018341244,0,0,771.1091918945312,56.27631290784435,0.5451683899999171,0.851605601923893,-0.774421114989661,48.612707081283226,60.60611358292323,None,Weak Trend,-2.148804147358077
2024-06-28,7011.T,1d,BUY,WIN,強トレンド継続。リスク管理を徹底,60,1663.853068018255,1800,2065.197998046875,0,0,1700.925537109375,71.57862068819225,15.462450366080581,1.2213918802695585,11.853542467521724,32.044786999889595,81.6733120723049,None,Strong Trend,5.8247383985424985
2025-07-10,6228.T,1d,BUY,WIN,RSIダイバージェンスで反発期待,55,723.9642857142857,780,1197.0,0,0,740.0,35.47626018506722,-3.5353008655751417,0.5787389582698751,-2.407298945184736,39.36606614445715,38.62068965517241,Bullish,Weak Trend,5.405405405405405
2022-06-10,4478.T,1d,BUY,LOSS,RSIダイバージェンス、VWAP乖離大,60,3151.25,0,3695.0,0,0,3350.0,20.46114858156593,10.016420361247945,1.060140566474475,11.143892155865698,52.32067225068136,53.71900826446281,Bullish,Weak Trend,-5.932835820895523
2024-05-10,4483.T,1d,BUY,LOSS,RSIダイバージェンス、VWAP乖離,60,2850,3150,3850.4514519320296,0,0,2936.068603515625,13.686942868171181,-8.03727924656188,1.3929649072045633,-6.48436047937639,52.098806110049644,47.365551807084955,Bullish,Weak Trend,-2.93142344877661
2024-11-18,6228.T,1d,BUY,LOSS,RSI強気ダイバージェンス発生,60,1140,1260,1486.0,0,0,1195.83935546875,35.65843042755146,-5.617445686663524,0.7282452170335322,-3.960382682743112,61.45340491209974,43.42105008030558,Bullish,Weak Trend,-4.669469625112134
2025-01-28,7751.T,1d,BUY,WIN,RSI売られすぎ。雲の上抜け,60,4802.379038048535,4950,5133.795958843428,0,0,4860.0849609375,27.096219038385716,-1.1327530149251142,0.8475673396236361,-1.0445710531736148,56.639061541831,35.60362548192343,None,Weak Trend,1.8500713420687935
2022-07-08,6203.T,1d,BUY,LOSS,複合的買いシグナル点灯,65,820,920,870.27140651177,0,0,856.1741333007812,30.819894362435626,-4.048702958107198,0.6658507747516024,-5.226544315086231,55.21364968540172,52.360503058897116,Bullish,Weak Trend,-4.2250906554861976
2022-10-21,6506.T,1d,BUY,WIN,強気ダイバージェンス、売られすぎ,60,3851.6755857838125,4050,4633.8412017342935,0,0,3872.7041015625,40.253302128413715,-5.4818191951845225,0.7172140467140954,-3.9465527943726895,43.04571981501579,44.339626045781635,Bullish,Weak Trend,4.578090496662715
2022-03-16,2413.T,1d,BUY,WIN,RSIダイバージェンスと売られすぎ,60,3900,4200,4720.9596656436015,0,0,4017.751220703125,9.610093691102218,-1.3226739517744446,0.9069715498227099,-1.7733084405483575,50.15972761483746,53.12884182601585,Bullish,Weak Trend,4.536089202282182
2022-07-21,9107.T,1d,BUY,WIN,底値圏、強気ダイバージェンス,60,778.0789699562699,840,896.9982749180393,0,0,760.9849853515625,19.996233482594125,7.9259533443140295,0.9393633332522087,8.279084503892621,46.313010000287356,61.75299637581883,Bullish,Weak Trend,10.383255408374959
2022-01-19,7267.T,1d,BUY,LOSS,上昇トレンド継続期待,65,955,1020,1059.938800173283,0,0,974.5514526367188,49.24859692532882,3.6244257007556957,1.1939244283763064,1.9459775085281104,35.33995662338647,68.82060491801178,None,Strong Trend,-2.0062001430320477
2025-08-06,4385.T,1d,BUY,WIN,売られすぎからの反発狙い,60,2100,2250,2541.5,0,0,2155.0,38.167631540817254,-11.338034543195452,4.729517610557274,-8.940499070961058,43.69118978975749,30.749128919860638,Bullish,Weak Trend,4.408352668213457
2023-09-19,6526.T,1d,BUY,LOSS,売られすぎ、RSIダイバージェンス確認,55,2750,3150,3146.1297450134543,0,0,2839.47607421875,18.882030114960113,-9.920302759021615,0.8597751528363036,-10.834830953899683,35.91649170881488,31.18277604197492,Bullish,Weak Trend,-3.151147320139626
2025-01-15,6506.T,1d,BUY,WIN,RSIダイバージェンス、短期上昇期待,60,3980,4250,4649.247616928697,0,0,4084.27587890625,22.44443293197218,3.0346249110752233,1.9996406614953168,1.5521884190630824,48.72339731734617,62.16216281150504,Bullish,Weak Trend,4.057613295655487
2025-06-23,4063.T,1d,BUY,WIN,RSIダイバージェンスとVWAP乖離から反発期待,60,4348.469747957005,4500,5000.19677568459,0,0,4321.76806640625,32.000740616548065,-3.7656898033624486,0.8096216981489339,-3.765340140187369,47.133276598896906,34.660797250258526,Bullish,Weak Trend,4.124051333970777
2024-03-15,6228.T,1d,BUY,WIN,RSI Divergence,55,2250,2650,4935.4467757703405,0,0,2375.77392578125,35.74131225839769,-25.07836761310902,0.5117034762270349,-23.731685307937603,40.43781753164474,30.6691539164529,Bullish,Weak Trend,11.542599707948789
2021-10-14,4063.T,1d,BUY,WIN,RSI売られすぎ+トレンド継続期待,60,3559.013049591201,3650,3806.6566333603278,0,0,3495.66748046875,40.53556018206113,-2.5220214219655035,0.6199661733913824,-1.5376674285754528,36.457522345953834,36.73232659422848,None,Strong Trend,4.414965679474606
2022-06-15,9107.T,1d,BUY,LOSS,複合指標が売られすぎを示唆、反発期待,40,750,830,896.9982749180393,0,0,791.9754028320312,52.31401904406119,-5.644895163861285,0.5780191351167422,-8.374388939598166,44.188097395440835,36.59795057792124,None,Weak Trend,-5.300089205034785
2022-01-05,9983.T,1d,BUY,LOSS,RSIダイバージェンスと売られすぎ,65,20000,21500,22183.701624171164,0,0,20540.697265625,26.800523377346156,-4.872172087241722,1.212620362179585,-5.06895375685754,45.867632299432806,33.18779056725532,Bullish,Weak Trend,-2.6323218663558254
2024-08-08,9104.T,1d,BUY,WIN,強気ダイバージェンス発生,60,4049.7975965902483,4600,5090.803499844438,0,0,4202.60693359375,33.28547223633332,-3.291375463065338,0.9173574610912141,-0.8430178223124143,52.93018296926933,47.77589483131196,Bullish,Weak Trend,9.455870431985169
2025-04-02,6503.T,1d,BUY,LOSS,短期反発の可能性,55,2650,2800,3126.3776163305356,0,0,2723.0380859375,41.7358294891481,2.3192657025609575,0.7329421170225985,-0.16441922230590372,52.189189002283555,52.411315208986686,None,Weak Trend,-2.6822278511155715
2022-03-24,6301.T,1d,BUY,LOSS,トレンド継続期待、ダイバージェンス,65,2480,2650,3077.896071797338,0,0,2541.9541015625,27.43915784856095,9.690270489893283,0.7338270670325675,10.253341516559077,35.30017402451964,71.391374491155,Bullish,Strong Trend,-2.437262794179398
2023-07-26,7974.T,1d,BUY,LOSS,短期リバウンド狙い,60,5899.25311271845,6250,6192.493371344358,0,0,6028.85302734375,9.559690027630342,-1.521869666112996,1.0171885333389794,-2.078275840507658,64.11421504008578,38.865511650654554,None,Range/Chop,-2.1496612048345147
2025-07-29,4483.T,1d,BUY,WIN,VWAP指標でやや割安,55,3750,4000,4907.0,0,0,3861.0,19.674605701531288,-0.1489619216087923,0.6874664323031102,-0.11678640910658743,58.163261642989625,55.56621880998081,None,Weak Trend,3.6001036001036
2025-02-12,8001.T,1d,BUY,LOSS,RSIダイバージェンスとトレンド反発期待,60,6210.817237926718,6800,7578.004089780159,0,0,6366.1162109375,59.85347516695931,-8.454024106696135,1.29226898816626,-6.692708656860398,36.613997789200816,21.0638421460161,Bullish,Strong Trend,-2.4394617984504565
2024-06-12,6315.T,1d,BUY,LOSS,"RSI, VWAP売られすぎ。トレンド強",70,3680,4200,3945.4514666668074,0,0,3879.584228515625,36.35786263554578,-4.572115188971693,0.6370076277754361,-7.251372467380869,31.22224192135279,24.48512434420752,None,Strong Trend,-5.144474684906849
2025-06-26,4568.T,1d,BUY,LOSS,トレンド＋RSI売られすぎ＋強気ダイバージェンス,65,3153.641320910257,3600,4022.575412394257,0,0,3260.559326171875,31.46087294973579,-8.02796726943047,1.4101025221001497,-6.7283332505528675,37.24291099002042,36.24258165794486,Bullish,Strong Trend,-3.2791308044422913
2024-04-01,9104.T,1d,BUY,LOSS,"RSI, VWAP, 発散で買い",65,4040,4350,4847.751592942226,0,0,4142.1240234375,56.809028703859894,-4.970997248776799,0.8172768811705118,-3.5046201169388786,68.47246021678293,37.94477053736072,Bullish,Volatile Transition,-2.465498929043377
2022-09-28,9107.T,1d,BUY,WIN,"RSI,VWAP乖離から反発期待",60,605.065979706991,0,802.8068984508517,0,0,575.0430297851562,64.81972443459652,-18.52863394579337,1.5528562426262784,-15.537352223948158,31.788037383346005,22.18651049765876,Bullish,Strong Trend,5.220991885259742
2021-10-29,5713.T,1d,BUY,WIN,雲抜け、上昇トレンド期待,60,3773.611988515227,4000,4627.470143930005,0,0,3851.57958984375,48.27188060553345,3.774669775875994,1.107343036126419,2.3074952659540333,49.58996292910714,65.91413300306024,None,Weak Trend,3.8534945648694507
2024-05-28,5032.T,1d,BUY,LOSS,RSIダイバージェンス発生,60,2040,2300,2843.23876953125,0,0,2154.028076171875,13.906227712804384,-1.0099590529061286,0.8678612410627593,-1.4934158387890089,45.81370043795192,40.530340559635086,Bullish,Weak Trend,-5.293713551520877
2025-06-25,7751.T,1d,BUY,LOSS,RSIダイバージェンス発生,65,4070.544382108629,4400,4483.0,0,0,4129.20849609375,34.64385170340854,-2.1617835580556855,1.0335777189709774,-1.98269595022905,50.243338615054455,41.11921934868221,Bullish,Weak Trend,-1.4207108708755527
2024-06-18,8002.T,1d,BUY,WIN,"RSI,VWAP,雲で買いサイン",60,2818.9018064843517,2950,2998.2023547757053,0,0,2839.65283203125,14.385821118936475,-1.2180178668058206,0.7579526772664361,-1.1421423378726117,52.18852188321346,40.445270344413004,None,Weak Trend,3.8859386867308303
2025-01-15,9432.T,1d,BUY,LOSS,RSIダイバージェンス発生,60,145,152,149.58311806205322,0,0,148.42356872558594,10.791149529410836,-1.2599563526418778,0.882776870434381,-1.3390298576974078,49.333926802777704,43.442649474301405,Bullish,Weak Trend,-2.306620676878905
2022-12-16,6315.T,1d,BUY,LOSS,RSI売られすぎ、VWAP乖離,60,585,630,654.5613871463595,0,0,605.027099609375,23.4433470362067,-6.261211711573522,1.156644298217039,-6.4050827000832,47.41426297946684,30.979487833395638,None,Weak Trend,-3.3101161290634984
2022-11-29,6857.T,1d,BUY,WIN,雲の上、弱トレンド継続期待,60,2174.244450466145,2350,2692.9296115550665,0,0,2232.2646484375,62.016398828712546,8.519553493665398,0.5534067668903161,5.3941840362519295,41.25832608320239,71.42861814126456,None,Weak Trend,5.274255973408451
2023-09-14,2222.T,1d,BUY,WIN,上昇トレンド回帰を示唆,65,2272.8157927086313,2350,2450.4926382056137,0,0,2265.58642578125,18.88617043273057,0.3552085501740132,0.8371430712733269,1.2969256088324674,40.56966579774218,62.98076169272017,None,Weak Trend,3.725903953968182
2024-11-11,6315.T,1d,BUY,LOSS,RSIダイバージェンス、売られすぎ,55,1780,1950,2173.6209459958627,0,0,1837.69775390625,12.32744715897255,-6.776265623463196,1.331304987196065,-5.71117156166419,57.96201130366778,41.76048969487398,Bullish,Weak Trend,-3.1396759224201265
2025-08-08,8001.T,1d,BUY,WIN,雲上、VWAP乖離正、RSI高,65,7700,8050,9630.0,0,0,7896.2666015625,29.422507511791427,3.3211771836444415,1.4114040588018673,2.5574518045500185,51.94217339695633,65.15679226595455,None,Weak Trend,1.94691246122667
2024-06-06,4180.T,1d,BUY,LOSS,RSI強気ダイバージェンス,60,1220,1350,1693.7066082655324,0,0,1263.2894287109375,12.428801752898668,-3.373152969814497,0.6637993725196867,-3.639471056682301,51.758154225953454,40.104167661422636,Bullish,Weak Trend,-3.4267229446469845
2024-02-07,9101.T,1d,BUY,LOSS,VWAP以下。反発期待,60,4300,4600,4491.796324738777,0,0,4415.12890625,40.262004077482516,0.003269449782772327,1.010686209591224,-1.4988976250525399,62.034982289179794,45.2631345010978,None,Volatile Transition,-2.6076001107696993
2025-08-27,6503.T,1d,BUY,LOSS,雲上で上昇トレンド継続期待,60,3450,3800,4418.0,0,0,3602.238525390625,58.96387784771916,2.4606350840551183,0.6456460130633656,0.7808165309882135,62.64817341361071,54.081620285330374,None,Volatile Transition,-4.226220010628428
2024-06-18,6254.T,1d,BUY,LOSS,RSIダイバージェンスとVWAP乖離から短期反発期待,60,4150,4550,4375.555625273802,0,0,4293.634765625,37.39925377366972,-6.293372421321786,0.7871366020453948,-5.214033251015514,65.63104310343988,42.187517934968255,Bullish,Volatile Transition,-3.3452953841101083
2022-06-23,6963.T,1d,BUY,WIN,RSIとVWAPで売られすぎ、反発に期待,60,2152.219261014041,2267,2585.625710627536,0,0,2152.383544921875,37.67531275297074,-8.789065885041492,0.6596899704832084,-8.857662068007585,41.08262348595456,24.210567401195462,None,Weak Trend,5.325094374956542
2024-11-08,6254.T,1d,BUY,LOSS,RSIダイバージェンス、VWAP下乖離,60,1920,2050,3050.2832049122667,0,0,1973.941162109375,34.29523822111164,-7.800648007739552,0.9034568536627209,-5.504633210135788,58.88579522700511,37.6358664567312,Bullish,Weak Trend,-2.7326631180704943
2022-03-02,4063.T,1d,BUY,LOSS,RSIダイバージェンス発生,60,3147,3447,3527.58707054659,0,0,3246.693115234375,28.33615106455849,-3.3480710683700288,0.898471986417657,-3.4290227498620576,39.245331795458306,36.61134295257799,Bullish,Weak Trend,-3.070604818379278
2024-11-22,8411.T,1d,BUY,LOSS,強トレンド継続、リスク許容範囲内,65,3550,3950,4353.703503346583,0,0,3716.103759765625,66.06339487432344,12.715884328461113,0.6976467408411758,9.508281914364984,27.208845794002688,87.51503621243215,None,Strong Trend,-4.4698364336334135
2024-04-25,6301.T,1d,BUY,LOSS,強気ダイバージェンスと雲の上抜け,60,3950,4250,4820.404209936649,0,0,4074.468017578125,16.299695943524284,-2.74550249009895,1.625656481260444,-2.9301543203029126,58.82742904236599,43.46959021887518,Bullish,Weak Trend,-3.054828680484014
2021-08-27,5401.T,1d,BUY,WIN,トレンドフォロー、割安感,60,286.1528239585799,305,339.25644632679615,0,0,293.518798828125,47.95850006170947,2.2231068262492437,0.7278096910780107,-0.26304832436246867,37.24779776417777,45.98377588011651,None,Strong Trend,3.911572688943176
2023-12-26,4483.T,1d,BUY,LOSS,RSIダイバージェンスとVWAP乖離に着目。反発狙い。,60,3979.008597951722,4300,4279.37151528777,0,0,4020.825927734375,31.4938134468547,-4.683411135217874,0.7365416152086328,-3.0232533703035336,69.81637044707286,44.835982534111096,Bullish,Volatile Transition,-1.0400184075169805
2024-05-27,5253.T,1d,BUY,LOSS,RSI Divergence & Oversold,60,1580,1750,2260.0,0,0,1642.0,26.470326979029803,-7.198082922638694,0.8806027661589688,-8.666108092422906,44.83959466435187,48.98550724637681,Bullish,Weak Trend,-3.7758830694275276
2021-12-22,6723.T,1d,BUY,WIN,RSIダイバージェンスとVWAP乖離,60,1361.594296915071,1420,1478.7503309936112,0,0,1384.1336669921875,23.83568684954206,-1.8753667723949596,0.9034268411947343,-0.7241149900097984,50.84811833387008,51.958212599217624,Bullish,Weak Trend,2.5912477864766035
2025-08-22,9166.T,1d,BUY,LOSS,RSIダイバージェンス買い,60,860,940,971.0,0,0,894.0,17.4928584321118,-3.9205571318029375,0.889448658992609,-4.095312119328719,52.61671647992901,48.35164835164835,Bullish,Weak Trend,-3.803131991051454
2025-08-13,1605.T,1d,BUY,WIN,トレンド強し。押し目買い。,60,2305.3571428571427,2400,3002.0,0,0,2342.0,27.825974564481328,10.318708960215538,1.1354415220958736,8.165147223023272,28.86096995481076,76.32850241545894,None,Strong Trend,2.4765157984628523
2025-03-07,8411.T,1d,BUY,LOSS,テクニカル指標は買いを示唆,60,3950,4200,4363.393647298213,0,0,4049.4384765625,17.270895141290904,-1.9124622188081863,1.0448151011114786,-1.8459418085244321,52.628979372254776,42.37641620506321,None,Weak Trend,-2.4556114912730234
2025-09-08,6367.T,1d,BUY,LOSS,トレンドフォロー、反発狙い,65,17800,19500,20910.0,0,0,18488.6640625,43.033380143291026,-2.7661973636951,0.9177636723489854,-2.9538071672464157,30.15075054892109,35.609110499436724,None,Strong Trend,-3.7247908241071706
2021-09-07,6902.T,1d,BUY,LOSS,トレンドとダイバージェンスで押し目買い,65,1750,1900,2044.240237943438,0,0,1803.1282958984375,36.841098421081426,5.414902555293621,0.8623117920035666,8.472015374297676,28.578399916639555,57.3763509106136,Bullish,Strong Trend,-2.946451232521171
2023-03-01,6758.T,1d,BUY,WIN,"RSI, VWAPから小反発期待",60,2233.5631196046893,2310,2724.849002938229,0,0,2243.51318359375,26.012243781154616,-1.7696057847800706,0.7217499072473378,-2.3290652773027976,41.56281452213723,31.42856634953141,None,Weak Trend,2.9635135149840632
2022-11-22,6902.T,1d,BUY,LOSS,上昇トレンド継続期待。リスク低減のため慎重な判断。,40,1730,1830,1806.8324244808891,0,0,1782.1002197265625,16.082047129061127,4.480600647681365,0.7456730559632627,4.473424302285813,48.51602018454744,63.98146705005623,None,Weak Trend,-2.9235291679923883
2023-11-30,6501.T,1d,BUY,LOSS,雲上でVWAP乖離がプラス,65,1952.4526212131282,2100,2527.0892248663854,0,0,2007.810791015625,63.27696800139346,4.713047095833112,1.8580986100603198,3.0397464957428078,56.21605148523848,63.05363340966885,None,Weak Trend,-2.757140764966933
2024-04-11,4661.T,1d,BUY,LOSS,RSI売られ過ぎ&強気ダイバージェンス,60,4600,5000,4802.751647489539,0,0,4719.26025390625,32.16935164584603,-2.7108995919352785,0.7300076784612867,-2.463492244019905,42.726439685582704,29.58694714988286,Bullish,Weak Trend,-2.5270963559921347
2024-01-30,6526.T,1d,BUY,WIN,トレンドフォロー。雲上限支持。,65,3265.1088786736073,3450,5096.4094467847735,0,0,3118.142578125,71.3513201295797,14.86039123272831,0.6830908186789495,8.204801810346314,37.16590080207204,69.43075049495519,None,Strong Trend,10.642791776203907
2022-10-04,9984.T,1d,BUY,WIN,RSIダイバージェンス、トレンドに乗る,55,5052.090225582291,5350,7062.453622761757,0,0,5149.29541015625,34.03446279566477,-2.017977790730363,1.4901343318420224,-0.5570614189580744,34.80734805851585,37.71342126522496,Bullish,Strong Trend,3.8977097613760683
2024-06-13,7013.T,1d,BUY,WIN,短期反発狙い。弱トレンド下でリスク高,60,515,545,940.9278913218343,0,0,529.4474487304688,19.524598232602706,-3.7843169133246257,0.8315843879213132,-3.7255421041017014,56.587026400300886,44.17039397394296,Bullish,Weak Trend,2.937506131500644
2024-12-19,7013.T,1d,BUY,WIN,RSIダイバージェンスと雲抜けを重視,60,1170,1280,1714.895354836013,0,0,1216.40234375,16.404292730477344,2.5800002937572453,1.575111534080871,2.918089639274117,61.484479211886345,66.4564075421597,Bullish,Weak Trend,5.22834048921159
2025-06-18,9166.T,1d,BUY,WIN,RSI強気ダイバージェンス、VWAP以下,60,841.5357142857143,930,984.0,0,0,858.0,52.61879423968028,-5.1514481538801675,1.0018404990394476,-1.8078048925034378,44.45203985534699,40.84880636604775,Bullish,Weak Trend,8.391608391608392
2023-01-26,3092.T,1d,BUY,WIN,RSIダイバージェンス発生,60,994.0863877440235,1050,1061.5732433897012,0,0,1018.5573120117188,12.36999128164227,3.6196598524538715,1.242264786360766,3.9551278804089587,51.61678621970974,54.471557845559126,Bullish,Weak Trend,3.0869826977315435
2025-04-07,5595.T,1d,BUY,WIN,RSIダイバージェンス発生、反発期待,60,800,900,2419.0,0,0,825.0,25.750062651896567,-12.360839636270926,1.5896320174761998,-15.338256813877518,42.76016436453492,36.977491961414785,Bullish,Weak Trend,9.090909090909092
2022-09-01,7203.T,1d,BUY,LOSS,RSIダイバージェンスとVWAP乖離に注目,65,1820,1930,1894.253865630416,0,0,1852.413330078125,15.095189422501008,-3.3071021900276776,1.6476098291782224,-2.7830889126258747,44.23719183555757,34.5794071188614,Bullish,Weak Trend,-1.7497892911814652
2024-01-17,5253.T,1d,BUY,WIN,RSIダイバージェンス、売られすぎ水準,65,2543.8214285714284,2770,3015.0,0,0,2570.0,26.60971760493992,-6.048021524873515,1.0653148045870193,-5.0030690769206565,55.07986388325571,47.23032069970845,Bullish,Weak Trend,7.782101167315175
2024-06-13,9166.T,1d,BUY,LOSS,上昇シグナル複数確認,65,840,920,1381.5,0,0,870.0,36.37884643897102,9.133330824521124,3.036397754181125,1.5736868630242498,42.99636334948265,57.98908807482463,Bullish,Weak Trend,-3.4482758620689653
2024-12-13,4543.T,1d,BUY,LOSS,RSIダイバージェンス、底値圏か,55,2947.8323459372177,3120,3103.4723400312805,0,0,3018.3916015625,14.544928538478768,-0.74045997724691,1.6680605417754568,-0.7258658414689202,65.23662623982366,41.926325804843714,Bullish,Range/Chop,-2.3376441807205066
2024-07-29,5595.T,1d,BUY,LOSS,RSI底値、強気ダイバージェンス,60,1550,1800,2151.0,0,0,1641.0,35.979060090707264,-26.243213117111942,0.8934245649905989,-22.662546765310672,28.82569528569714,18.639575971731446,Bullish,Strong Trend,-5.545399146861669
2025-08-13,6203.T,1d,BUY,WIN,トレンド強、雲上、強気ダイバ,65,1409.0357142857142,1280,1611.0,0,0,1208.0,59.429636296652895,16.055645223272606,0.982985033556021,10.565222564989318,31.94653327117267,85.66433566433567,Bullish,Strong Trend,5.960264900662252
2024-07-10,6758.T,1d,BUY,WIN,トレンドフォロー(リスク管理徹底),65,2926.7656143057643,3050,3069.040884824041,0,0,2942.196533203125,43.85804448521149,10.363539342272098,1.5224762818677753,9.809721130241304,24.51507390371248,94.56524358795147,None,Strong Trend,3.664047101554803
2024-03-11,8001.T,1d,BUY,LOSS,短期反発期待。RSIダイバージェンス発生。,55,5970,6270,7297.934101225307,0,0,6071.50048828125,13.592860272356075,-3.5055323332450983,0.9900564310663397,-3.460620949324864,50.744414447440924,35.40372433087897,Bullish,Weak Trend,-1.6717529460330036
2022-04-18,5401.T,1d,BUY,LOSS,RSI売られすぎ、VWAP下方乖離,65,313.3894504300569,335,347.0994437593373,0,0,320.7889709472656,21.624801675298613,-0.4266292503551594,0.5717240564674423,-1.3693742879043078,39.1557569463672,36.13941768023688,None,Weak Trend,-2.3066630050772905
2023-05-24,9983.T,1d,BUY,WIN,トレンドフォロー。雲上で上昇余地あり,65,32825.0263268166,34500,36637.57876397219,0,0,32490.84765625,31.13840213247772,3.2737386923133105,1.333568182013455,2.5550977144123492,35.81494293287332,60.52626680821818,None,Strong Trend,6.183748620555043
2025-08-27,9166.T,1d,BUY,LOSS,RSI Divergence & VWAP Deviation,60,820,900,971.0,0,0,845.0,17.01932499624215,-8.498289080434873,1.4924854614535856,-7.9054811307670825,36.9554642087807,32.98245614035088,Bullish,Weak Trend,-2.9585798816568047
2023-07-11,6506.T,1d,BUY,LOSS,売られ過ぎ、弱トレンド継続期待,60,5700,6050,6142.303173866542,0,0,5859.03466796875,27.888725861342,-6.472047865946651,1.66921671260879,-6.102412150188751,44.85224297498885,27.94905569757323,None,Weak Trend,-2.7143493251233006
2021-10-04,6981.T,1d,BUY,LOSS,短期リバウンド期待,60,2700,2950,2896.073519463501,0,0,2784.662109375,42.08344182232462,-7.493771007052274,1.2647567689023704,-8.268915897076091,37.99942316829986,26.10094254581385,None,Strong Trend,-3.040300979065711
2024-03-18,5713.T,1d,BUY,WIN,RSI強気乖離と急騰を考慮,60,4121.601973691291,4250,5420.2956720866905,0,0,4171.16943359375,21.416279371306327,8.401695416218558,0.9761653125739634,7.43244051684042,36.40873636902606,76.50276499028041,Bullish,Weak Trend,1.8898912561874055
2024-12-10,6857.T,1d,BUY,WIN,売られすぎからの反発期待,60,8200,8700,10380.190909501445,0,0,8437.5126953125,37.97065548863571,-6.516294197306538,0.7367287041759089,-5.308542143003459,43.95124320346544,33.10015815414242,None,Weak Trend,3.110955967311623
2022-03-10,4385.T,1d,BUY,LOSS,強気ダイバージェンス、売られすぎ,60,3000,3300,3570.0,0,0,3140.0,24.543016615439342,-11.103561519732741,0.8276134587899611,-8.769871815646866,50.62085320527304,43.53932584269663,Bullish,Weak Trend,-4.45859872611465
2025-05-29,4478.T,1d,BUY,WIN,"RSI売られ過ぎ,VWAP以下",60,3854.464285714286,3900,4330.0,0,0,3670.0,38.770153278985624,-6.046797399006698,0.9129480614484272,-5.100829960511014,43.983283604692964,27.956989247311824,None,Weak Trend,6.267029972752043
2022-09-09,2413.T,1d,BUY,WIN,RSI売られすぎ、VWAP乖離,55,4254.227733108559,4500,4696.639599609375,0,0,4310.44140625,31.74747844043885,-3.983666782680906,1.2612125941190986,-4.668490286574874,41.55211997788725,33.36026824086538,None,Weak Trend,4.397660839911806
2022-06-29,1605.T,1d,BUY,LOSS,売られすぎからの反発期待,65,1290,1430,1472.1722720404812,0,0,1340.3360595703125,34.68548246764404,-3.326757858690388,1.114029001695652,-3.683891822010309,37.95101224389692,31.125023360119613,Bullish,Strong Trend,-3.755480516315388
2021-09-28,4385.T,1d,BUY,LOSS,雲上、VWAP以下。上昇余地期待。,60,5800,6200,7390.0,0,0,5980.0,61.46849207414954,3.260118800939349,1.2840412696263672,-0.1119215455861659,52.321133376447825,60.40609137055837,None,Weak Trend,-3.0100334448160537
2022-12-29,7267.T,1d,BUY,WIN,"RSI divergence, Oversold",60,899.2639456746856,930,1086.026163116627,0,0,895.8681640625,39.63205934582863,-5.7283895132864355,0.8083283643841951,-4.65072868584235,37.02291970956947,28.265106505573584,Bullish,Strong Trend,3.809917274292024
2022-06-02,4478.T,1d,BUY,WIN,RSI DivergenceとOversoldで反発期待,60,2895.0,3100,3695.0,0,0,2836.0,34.042171428620755,-11.192945538353626,0.5898203797062496,-6.84758307693888,59.07146609234609,39.676375404530745,Bullish,Weak Trend,9.30888575458392
2024-06-17,3687.T,1d,BUY,LOSS,RSIダイバージェンス確認,60,1780,1950,2007.6662729830248,0,0,1855.8670654296875,20.4377545022132,2.1475201611314,0.9717631750162654,2.55292224525134,49.30864651500481,58.73320202215702,Bullish,Weak Trend,-4.087957960077386
2023-02-22,7013.T,1d,BUY,LOSS,RSIダイバージェンス、売られすぎ,65,475,505,492.8008865113209,0,0,484.68450927734375,37.66544733614074,-4.229324733048411,0.8454637104085525,-3.952618588269784,45.29037442710803,27.272623055610836,Bullish,Weak Trend,-1.998105797064401
2023-03-31,6501.T,1d,BUY,LOSS,RSIダイバージェンスと雲抜けで買い,60,1367.4877089095667,1550,1750.5891494911043,0,0,1404.1890869140625,16.87135976562814,4.902065711597925,1.390913723787773,4.808178751821877,34.486286029674744,59.34749818423167,Bullish,Weak Trend,-2.6137062555551673
2023-08-21,7974.T,1d,BUY,WIN,RSI底値圏、ダイバージェンス発生,65,5829.80445415452,6050,6941.040689785519,0,0,5864.2548828125,28.703996858370083,-2.9433813782530294,0.6496648797133776,-2.51497344418552,51.93316218527687,29.773865642423374,Bullish,Weak Trend,3.167412073644666
2021-08-24,6890.T,1d,BUY,WIN,RSIダイバージェンス発生,55,2380,2580,4028.3900998361755,0,0,2456.805908203125,36.85318147070461,0.061096959612494395,1.44132368412663,-0.12830088931865924,57.69320229458523,48.89868897780276,Bullish,Weak Trend,5.014400664925847
2024-07-19,5595.T,1d,BUY,LOSS,RSI売られすぎ、ダイバージェンス発生,60,2050,2250,2151.0,0,0,2127.0,26.464826194817626,-10.089276656183422,0.8138508102577844,-10.35156050199562,39.30590974328208,26.405090137857897,Bullish,Weak Trend,-3.6201222378937468
2023-01-24,7974.T,1d,BUY,LOSS,RSIダイバージェンスで短期上昇期待,60,5077.4573666327815,5350,5320.70166015625,0,0,5190.59912109375,28.62842809211544,0.25116709202517296,0.9220022896583764,0.6982097217437114,63.54648112322599,51.64389063783143,Bullish,Volatile Transition,-2.179743644643618
2022-04-27,8058.T,1d,BUY,WIN,売られすぎ反発期待,60,1250.4224411440514,1320,1439.5749481194857,0,0,1261.0023193359375,33.678436721724836,-4.252275123395933,1.731253801837283,-2.830638731208188,43.77385997536655,45.850590045302866,None,Weak Trend,4.678633794673078
2024-05-13,6228.T,1d,BUY,LOSS,RSI売られ過ぎ、VWAP下乖離,60,3200,3600,3379.762108118971,0,0,3315.14892578125,23.826399960057053,-13.766354125826318,1.3077419456379746,-13.183172574800583,58.18636760622586,34.97757472183304,None,Weak Trend,-3.473416379148455
2023-04-07,8058.T,1d,BUY,WIN,トレンドフォロー戦略,65,1485.5148551004665,1520,2307.4386906794066,0,0,1457.1993408203125,27.819794043227148,0.11246525891834835,0.5811891533980984,1.1013656836167403,35.87245410041118,62.93656233975915,None,Strong Trend,4.309682101855374
2025-08-18,4385.T,1d,BUY,WIN,RSIダイバージェンスと割安感,60,2277.0,2400,2694.5,0,0,2250.0,46.790230799888015,-2.9067559636828166,0.9045865053174327,-0.7163629930185309,50.62389542101623,41.65853658536585,Bullish,Weak Trend,6.666666666666667
2024-11-25,6981.T,1d,BUY,LOSS,RSI売られすぎ、強気ダイバージェンス,60,2450,2750,2734.8869615256945,0,0,2505.676513671875,23.87710889751938,-4.755004979345589,2.287808085424946,-4.235696101998828,47.967236456636016,17.574896738157648,Bullish,Weak Trend,-2.222015226949044
2023-03-28,8031.T,1d,BUY,WIN,複合的指標が反発を示唆,60,1800.4341799991719,1850,2752.750052459969,0,0,1739.8863525390625,32.937553456302105,-3.2971593723200354,0.7142878038648577,-3.815866491553116,32.115126899374445,28.671345901277576,Bullish,Strong Trend,6.328783905928437
2025-08-01,5401.T,1d,BUY,LOSS,雲抜け、出来高増。弱トレンド注意,60,515,550,654.7000122070312,0,0,530.8395385742188,45.21454884362431,3.5100930063227676,0.9432038967101595,2.469383340282745,41.550583469981774,58.93059383574678,None,Weak Trend,-2.9838656360756675
2023-12-20,2413.T,1d,BUY,WIN,RSIダイバージェンスで反発期待,60,2195.361525074113,2350,2472.7561427865007,0,0,2241.37890625,43.40793846304865,-1.0332876907476973,0.9254309696254253,1.0666701714398628,38.433227265696146,39.00356539355202,Bullish,Weak Trend,4.846172748709029
2023-03-09,8058.T,1d,BUY,LOSS,トレンドに乗る。損切り浅く。,60,1480,1650,1918.6870751646495,0,0,1542.525146484375,63.445106373251804,8.103403813752985,0.7890619560364848,6.293106908089348,32.68659972554696,77.85882671485457,None,Strong Trend,-4.053428018783248
2021-08-04,9107.T,1d,BUY,WIN,上昇トレンド継続期待,70,305,345,695.3570547168346,0,0,319.1348571777344,42.42018016482183,8.707402874246739,5.209628715684206,6.175889218595016,36.47058970517292,64.94468592296082,Bullish,Strong Trend,8.104768952850758
2022-02-25,6203.T,1d,BUY,WIN,VWAP以下。短期リバウンド狙い,55,720,775,775.6936445539329,0,0,748.1868286132812,62.29878315438235,1.487495259435212,3.25970802305524,-3.174655214879514,52.4621807895587,54.72223079993986,None,Weak Trend,3.583753463879514
2024-05-07,1605.T,1d,BUY,WIN,RSI売られ過ぎ。VWAP下方乖離。,60,2145,2285,2392.478835523141,0,0,2211.31689453125,18.567303415940128,-2.5421638121842838,0.5859332142748414,-3.4787069802725377,46.250542384356535,26.941939226057897,None,Weak Trend,3.332091644167951
2021-12-14,2413.T,1d,BUY,LOSS,"RSI Divergence, VWAP Deviation",60,5300,6200,5781.877987714398,0,0,5566.69384765625,30.46868670787356,-6.796102271794025,0.9544436679279813,-5.684340263475463,50.594456038621445,38.03648823335174,Bullish,Weak Trend,-4.790884049938122
2024-06-18,7267.T,1d,BUY,WIN,RSIダイバージェンス発生,60,1555.7619505971822,1650,1685.8556529460104,0,0,1562.797119140625,9.196755083407663,-2.7962093683668865,0.7612477716102926,-2.478123983918155,47.804839267213076,39.296655848196764,Bullish,Weak Trend,5.579923317706617
2022-08-01,8035.T,1d,BUY,WIN,RSIダイバージェンスとVWAP乖離による短期買い,60,13925.457191141153,14700,15207.917122379478,0,0,14205.0302734375,31.5985381014769,5.176684569207213,0.7564064526237536,6.292390713494377,42.7748631604712,68.26832020713724,Bullish,Weak Trend,3.484467945753426
2024-11-19,6254.T,1d,BUY,LOSS,RSIダイバージェンス発生,60,1750,1950,3050.2832049122667,0,0,1814.6270751953125,22.477623487661464,-9.989783003190777,0.8539107284078573,-8.184104622126581,42.36806862382096,30.621283268758646,Bullish,Weak Trend,-3.5614521616435453
2023-01-20,9983.T,1d,BUY,WIN,RSI Divergenceと売られすぎで反発期待,60,23900,25500,32412.793799006547,0,0,24420.89453125,26.15293645777433,-4.708974645936037,0.7056297806552663,-2.8008141158125675,40.92735893159383,36.75818565963442,Bullish,Weak Trend,4.41877944875906
2023-07-20,4543.T,1d,BUY,WIN,RSI割安、雲の上限サポート,60,2174.36302271251,2250,2288.274483548678,0,0,2107.33935546875,25.220085611961085,-3.900035770804877,0.802016197839413,-3.1564143737481696,48.18810176860324,30.721301962307948,None,Weak Trend,6.76970437442986
2024-08-14,9104.T,1d,BUY,WIN,RSI Divergence & 反発期待,60,4250,4600,5090.803499844438,0,0,4392.30126953125,32.605495909109536,2.1891889855667257,0.6325517067957503,3.9290317023196284,51.05504366337737,53.7082058626403,Bullish,Weak Trend,4.728699552317271
2022-01-17,2222.T,1d,BUY,LOSS,"RSI, VWAP売られ過ぎ。RSI Divergenceあり",60,880,970,1379.141357421875,0,0,917.5040893554688,58.72771122122452,-12.618160579137038,1.0102076733544527,-8.79261834348828,37.41836112122785,27.74566007489001,Bullish,Strong Trend,-4.087620948023757
2024-03-18,6228.T,1d,BUY,LOSS,売られすぎからの反発期待,60,2600,2950,4935.4467757703405,0,0,2703.8095703125,32.242773290606024,-13.143441128630284,1.3434372116135445,-11.515726773215249,42.457427131212434,43.92679394842005,Bullish,Weak Trend,-3.8393817172746356
2024-10-30,7012.T,1d,BUY,WIN,"RSI, VWAPで売られすぎ。反発狙い",60,5600,6000,7315.099926606499,0,0,5817.64453125,48.38610113681041,-3.4449875067940505,0.8124423337504183,-4.851118309889262,48.83060662461212,33.0958871179151,None,Weak Trend,3.1345240805013304
2025-06-18,6228.T,1d,BUY,LOSS,トレンドフォロー、RSIダイバージェンス,60,736.6428571428571,0,1197.0,0,0,779.0,30.270770601781503,-5.1157125456760095,0.5541619156214367,-7.773037368733772,31.882195746907136,44.868035190615835,Bullish,Strong Trend,-5.43737392261141
2024-10-31,4661.T,1d,BUY,WIN,RSI強気ダイバージェンス、短期上昇期待,60,3645.957607298899,3850,3902.440687698292,0,0,3689.344970703125,35.402280897370254,1.439039537781861,2.6924673040350795,1.7224272001442738,52.14259981823017,54.66449338344404,Bullish,Weak Trend,4.3545678317594945
2022-10-25,3687.T,1d,BUY,WIN,RSIダイバージェンスで反発期待,55,1087.1111810797377,1150,1423.8366973814545,0,0,1079.0164794921875,10.347476904613947,5.052106233462772,1.9236791741576291,4.673978251689977,52.14387854737003,51.46200209604979,Bullish,Weak Trend,6.578539054493324
2024-06-11,8031.T,1d,BUY,LOSS,短期リバウンド期待,55,3550,3750,3711.464503742305,0,0,3648.0,25.41068350462329,-3.627490232406083,0.7908247877656527,-4.093984120129511,48.93230781696152,24.681940577990034,Bearish,Weak Trend,-2.68640350877193
2023-02-20,8766.T,1d,BUY,WIN,RSIダイバージェンスと雲の上抜け,60,2608.960385852999,2700,2800.5569074519726,0,0,2602.13623046875,15.26751400778875,4.599233708684181,0.9066155859655105,4.645624966534707,39.61556852678981,65.51375445481492,Bullish,Weak Trend,3.760901077558909
2024-12-03,8001.T,1d,BUY,LOSS,トレンドフォロー、RSIダイバージェンス,60,7350,7750,7792.181095859734,0,0,7509.50244140625,29.9315533101844,0.23419151424666218,1.1982480579295458,0.0104148945593893,33.20483871834993,45.97902672037335,Bullish,Strong Trend,-2.124008117059499
2022-07-04,6254.T,1d,BUY,LOSS,"RSI, VWAP, Divergenceから反発期待",60,750,850,879.2521312431603,0,0,781.5574340820312,53.468904651692846,-10.598266017710866,0.8746065926784827,-8.03499023775878,48.69914315116129,30.081303121406478,Bullish,Weak Trend,-4.037762639811193
2022-03-02,6254.T,1d,BUY,LOSS,売られすぎ+強気Divergence,60,790,850,982.6268428513984,0,0,816.6452026367188,33.08863699547972,-7.795692966395496,0.6449725776965265,-6.341057318041966,31.956024295331048,39.828681181567106,Bullish,Strong Trend,-3.262763627422147
2023-01-31,3993.T,1d,BUY,LOSS,"RSI Divergence, VWAP Deviation",55,1760,1900,2125.0,0,0,1801.0,27.314550220826963,6.889347862213047,0.7975893982719922,5.881763112209915,39.105113711100756,63.38028169014085,Bullish,Weak Trend,-2.2765130483064966
2024-08-23,9101.T,1d,BUY,WIN,強気ダイバージェンス発生,65,4500,4850,5222.869012078396,0,0,4668.46044921875,11.319619080766907,7.311013523844578,0.9536771982181377,8.193932733467161,34.25327088598725,63.198260406207716,Bullish,Weak Trend,3.8886385084751005
2024-06-06,4180.T,1d,BUY,LOSS,RSIダイバージェンス発生,60,1220,1350,1693.7066082655324,0,0,1263.2894287109375,12.428801752898668,-3.373152969814497,0.6637993725196867,-3.639471056682301,51.758154225953454,40.104167661422636,Bullish,Weak Trend,-3.4267229446469845
2025-07-02,6228.T,1d,BUY,WIN,RSI底打ち、VWAP下方乖離,55,716.9285714285714,770,1197.0,0,0,728.0,31.04280232523494,-9.072741806554752,2.0907866897480285,-7.34491233332735,46.930904664051596,20.143884892086334,Bullish,Weak Trend,5.769230769230769
2024-11-05,7011.T,1d,BUY,WIN,テクニカル指標が買を示唆,60,2053.7854359500425,2150,2466.1304123849286,0,0,2044.357666015625,35.51362918952158,-5.715639671127715,1.2513872927744987,-5.399518920499656,50.34939937606595,34.949845915495615,None,Weak Trend,5.167507415190604
2023-10-24,6503.T,1d,BUY,LOSS,RSIダイバージェンス、VWAP下乖離,60,1620,1770,2162.165275452629,0,0,1671.13623046875,27.543052537080417,-4.341963421289963,0.8042436716391685,-3.968808661662454,52.922536862661616,41.76179438362488,Bullish,Weak Trend,-3.059967795348821
2022-11-24,2222.T,1d,BUY,WIN,RSI強気乖離発生,60,1450,1530,1813.7447047033977,0,0,1489.240966796875,19.862461992013003,0.7474405029672893,0.925700365408039,1.3741457005621331,51.23735744959048,46.36872297337374,Bullish,Weak Trend,2.736899810833926
2024-06-07,6503.T,1d,BUY,LOSS,短期リバウンド狙い,55,2480,2750,2852.1878723461873,0,0,2588.908935546875,19.23591764834197,-4.13708592223665,0.5726416754663851,-3.1548385500091944,51.46406650125691,37.7617530831167,None,Weak Trend,-4.206750343803396
2025-03-03,6506.T,1d,BUY,WIN,RSI Divergence & VWAP Oversold,60,3980.7048678834467,4250,4308.822689725547,0,0,4014.185302734375,27.25890594218613,-5.324571695755608,0.649718693569095,-4.15965467226714,52.48981548730125,45.67228996241584,Bullish,Weak Trend,5.8745344193501285
2024-06-24,6228.T,1d,BUY,WIN,RSI divergence/oversold,55,2550,2850,3056.6966258081898,0,0,2691.881103515625,9.750532979806042,-10.394025651712969,0.7631848064280496,-9.940192991766631,54.157427787888246,39.87521216829027,Bullish,Weak Trend,5.8739182899969125
2025-08-20,6501.T,1d,BUY,LOSS,短期反発の可能性,65,4050,4250,5555.0,0,0,4120.79736328125,22.72492495560631,-4.253938614854458,0.6757335792349146,-4.370382600355993,37.830087112968116,31.069613117772434,None,Weak Trend,-1.7180501014705678
2023-10-12,3687.T,1d,BUY,LOSS,売られすぎ&ダイバージェンス,65,1035,1150,1361.2956827439389,0,0,1065.5321044921875,67.98235650593674,-5.719825848680116,0.7090095433223702,-4.142684017045799,47.67562237390314,36.28585079869317,Bullish,Weak Trend,-2.865432619389589
2025-04-01,7011.T,1d,BUY,LOSS,VWAP乖離率。雲上抜け,55,2420,2570,3678.5254134043116,0,0,2496.21337890625,39.09833903073365,1.4220241718366111,0.6014443148762458,-2.830051841035835,42.69131884764055,59.16607754758356,None,Weak Trend,-3.053159619697413
2025-06-13,4063.T,1d,BUY,WIN,RSIダイバージェンスとVWAP乖離を考慮し買い。,60,4351.8252140350005,4550,5000.19677568459,0,0,4385.0615234375,28.064285380920136,-3.295038196916067,1.7793177830664746,-3.141621151418119,55.421224294482414,36.453184398123334,Bullish,Weak Trend,3.7613720054080986
2024-10-29,8031.T,1d,BUY,LOSS,売られすぎ+雲上。弱トレンド注意。,60,3078.847839002989,3250,3251.0739904626626,0,0,3084.35205078125,35.928196634188055,-0.9823319238133621,0.6746028271875445,-2.011059144003215,44.09800075510016,34.25412019768321,None,Weak Trend,-0.17845601564408758
2024-11-14,8031.T,1d,BUY,LOSS,雲上抜け、出来高増。弱トレンドに注意。,60,3029.0321605248732,3300,3251.0739904626626,0,0,3133.786865234375,30.159240621686532,1.2565393145544723,1.2290090391556616,1.5392436535582594,53.58511124986411,64.48801778784527,None,Weak Trend,-3.3427514127278464
2024-09-06,6146.T,1d,BUY,LOSS,RSI、VWAP乖離から短期反発期待,65,32440,36280,47286.643517807264,0,0,34148.14453125,24.868779408251413,-17.503931874475775,1.0016092425267193,-17.732207524348535,24.61816416751241,13.251451910485386,Bullish,Weak Trend,-5.002159135430698
2021-08-25,9983.T,1d,BUY,LOSS,RSIダイバージェンスと売られすぎ,60,23000,24000,26535.08004669246,0,0,23418.404296875,20.721396882503573,-1.286159298202738,0.7474326499544552,-0.866488200139119,45.41681610899696,47.75335962326276,Bullish,Weak Trend,-1.786647337584964
2021-10-15,6723.T,1d,BUY,WIN,RSI Divergence,40,1250,1370,1538.251517159598,0,0,1304.1485595703125,22.0900082766594,-1.610147826236008,0.7713503299279514,-1.5346694858307373,44.93975000732355,32.62838554151273,Bullish,Weak Trend,5.049381832034846
2025-02-14,6890.T,1d,BUY,LOSS,RSI売られすぎ&雲の上,60,2390,2530,2931.10607950311,0,0,2468.801513671875,19.795633404671644,-0.9302583949861054,1.0978318579276418,-1.3669179734206587,45.762696631135604,38.77994354049845,None,Weak Trend,-3.1918934444702547
2025-07-04,6228.T,1d,BUY,WIN,RSI売られ過ぎ＋強気ダイバージェンス,60,727.5357142857143,780,1197.0,0,0,720.0,31.867628386782222,-9.233019010639909,0.7988702844462376,-6.97088448088947,43.40946993641261,24.0,Bullish,Weak Trend,8.333333333333332
2023-06-21,4180.T,1d,BUY,LOSS,トレンド強気、RSIダイバージェンス,60,1800,1950,1920.3995764297756,0,0,1870.46728515625,56.137754690733395,21.185852223994893,1.5863748494364056,11.80451697193611,28.457126193003834,77.66776127350917,Bullish,Strong Trend,-3.7673626112291774
2023-03-13,6920.T,1d,BUY,WIN,RSIダイバージェンス発生,60,20435.45162639744,21600,22968.353412851025,0,0,20797.046875,19.205150305256463,-3.7814756719381615,0.8521412767099313,-3.0400604834832032,63.072045949621014,40.953954944836795,Bullish,Range/Chop,3.860899722090952
2023-12-11,3993.T,1d,BUY,LOSS,上昇トレンド継続の可能性,60,3000,3300,6850.0,0,0,3160.0,42.60746988269153,7.90875563447615,0.5437513798795168,6.5638132376358085,63.3686781013589,57.259528130671505,None,Volatile Transition,-5.063291139240507
2024-03-21,6228.T,1d,BUY,LOSS,RSI Divergence & Oversold,65,2600,3200,4935.4467757703405,0,0,2723.6904296875,25.460265331081025,-9.907938326546905,0.9253444645561671,-8.820124513306368,37.75183864262885,34.2644321319986,Bullish,Strong Trend,-4.541280768890153
2023-10-30,8035.T,1d,BUY,LOSS,RSIダイバージェンス発生,65,18600,19800,28103.98263215919,0,0,18998.25390625,8.521059720982047,-1.9767578673088537,0.7424843945839482,-2.004700120103877,51.91306197699312,47.36382313705387,Bullish,Weak Trend,-2.096265836930326
2025-03-12,6254.T,1d,BUY,WIN,RSI売られすぎ、VWAP下乖離,60,2368.4796787928035,2600,2770.5119495412846,0,0,2389.71240234375,21.468893199368434,-5.981988483044242,0.5626391805051855,-9.259057736729536,53.97819535811297,35.800825064200225,None,Weak Trend,8.799703154656056
2021-11-11,7013.T,1d,BUY,WIN,RSI強気乖離、売られすぎ,60,337,357,357.80302812083966,0,0,346.6626281738281,15.521614721851519,-2.9528705115471565,1.6684747906192463,-2.6114314399429706,47.948895388637446,47.53723861224074,Bullish,Weak Trend,2.981968919069169
2022-12-13,9432.T,1d,BUY,LOSS,RSIダイバージェンス発生,60,134.6642946004227,141,147.64333179034728,0,0,136.65289306640625,23.45073123640818,-1.5737596706533963,0.659686193709051,-1.0115420339751113,37.96604005333545,29.946602600250444,Bullish,Weak Trend,-1.4552187087742088
2021-12-20,6723.T,1d,BUY,WIN,RSI Divergenceでリバウンド狙い,60,1290,1380,1478.7503309936112,0,0,1320.7308349609375,23.311085452454062,-6.780127681319126,1.0276772245375063,-6.144375054584018,53.39179595608626,37.64045003067113,Bullish,Weak Trend,4.4876036411170395
2023-03-16,9984.T,1d,BUY,WIN,強いトレンド、売られすぎ、強気ダイバージェンス,60,4823.134878296219,5200,6598.6104948704615,0,0,4816.830078125,47.25508955263438,-12.24579499440327,1.4659237077291811,-10.05035850846607,30.300603636824746,22.94576411675679,Bullish,Strong Trend,7.954815006140985
2024-03-21,6758.T,1d,BUY,LOSS,RSIダイバージェンス発生,55,2580,2730,2715.26405314802,0,0,2651.693115234375,43.324294955597416,1.6983769922800818,0.9973750940451974,2.9050583216993275,41.85689984365597,65.28661066454626,Bullish,Weak Trend,-2.7036731672487777
2023-01-04,7012.T,1d,BUY,LOSS,VWAP乖離と雲抜けサイン点灯,60,2740,2850,2948.8101631127574,0,0,2799.25341796875,35.36495294043574,-2.1361695038182638,0.9406387337225777,-3.5515527619390133,57.08827778468626,42.821132834859235,None,Weak Trend,-2.1167579036751394
2025-06-24,5713.T,1d,BUY,WIN,強気ダイバージェンスと雲上抜けを考慮,60,3389.685325284669,3400,4414.726037092673,0,0,3294.527587890625,31.37956446833336,-0.028728733722815925,0.7142234206955254,-0.3793298388594234,67.19439874632482,47.18747219503514,Bullish,Volatile Transition,3.201442674119643
2022-11-07,7013.T,1d,BUY,WIN,RSI強気乖離、限定リスク,60,462.1885028853418,485,555.269737141835,0,0,455.1060485839844,31.275021629611867,4.850709007164977,0.8908959856430473,5.049564308463736,44.66200592170366,69.29133042031033,Bullish,Weak Trend,6.568568251076331
2025-03-13,6503.T,1d,BUY,WIN,トレンド継続期待、RSIダイバージェンス,65,2774.0807897726536,2850,3103.528164116361,0,0,2710.95654296875,52.67202239340395,12.04038459222414,1.4075491626275143,10.146743722495783,37.49468106115879,72.58620054914242,Bullish,Strong Trend,5.128944519301828
2025-01-28,8035.T,1d,BUY,WIN,売られすぎ、雲の上。反発期待。,60,23301.58499295876,25000,26041.781689048978,0,0,23729.7734375,52.1409456567898,-4.650470464753587,1.2768443171584576,-7.311744814910519,44.969010700447406,31.083839389631677,None,Weak Trend,5.352881121455081
2022-05-23,6723.T,1d,BUY,LOSS,RSIダイバージェンスとVWAP乖離,60,1390.6132624501895,1530,1522.6445993803923,0,0,1456.3155517578125,33.88821278122425,8.229193218272979,0.8670121039439771,7.5183327117273615,49.922272395245564,67.39130257355612,Bullish,Weak Trend,-4.511542105577226
2022-10-03,5713.T,1d,BUY,WIN,RSI Divergence & Oversold,60,3767.3584399269203,4000,4519.105989477171,0,0,3817.1533203125,5.56683662116905,-1.310575131381908,0.927381188227784,-1.0090751746543274,42.27711583503452,45.325531730508864,Bullish,Weak Trend,4.790131921463685
2022-04-12,8766.T,1d,BUY,WIN,強いトレンド、売られすぎサイン,65,1984.9023177477964,2090,2438.1921813965046,0,0,1979.2139892578125,50.78173432566943,-2.5720362635933136,0.9599096311235951,-4.497937613315991,34.36223164117974,18.389121576817672,None,Strong Trend,5.597475126160121
2023-02-24,5032.T,1d,BUY,LOSS,"RSI divergence, Oversold",60,2050,2370,3446.0563414718335,0,0,2154.99853515625,35.202079658190755,-12.339582622168477,2.048069812157965,-10.956517779220318,47.377152413005085,30.981570385475536,Bullish,Weak Trend,-4.872325128918799
2022-01-05,2222.T,1d,BUY,LOSS,RSIダイバージェンスと売られすぎ,60,1000,1150,1379.141357421875,0,0,1036.7603759765625,47.9329086334081,-7.126615388316493,1.246951822315956,-6.13830973027876,45.62134731495436,34.74574448059806,Bullish,Weak Trend,-3.545696462592579
2024-07-16,6506.T,1d,BUY,LOSS,ブルダイバージェンス発生,55,5400,5750,5611.434749732745,0,0,5520.84912109375,18.77013036758193,-3.156136704781076,0.8107021242095022,-2.3199616077220524,55.352495505002764,45.845279202983065,Bullish,Weak Trend,-2.1889589525643163
2022-05-12,6723.T,1d,BUY,WIN,RSI Divergence,60,1250,1350,1522.6445993803923,0,0,1293.4188232421875,22.03679879174957,-1.9230782972823657,0.7101323540913002,-1.8715518445025545,61.70033470294508,49.361706319938186,Bullish,Weak Trend,4.3745440951587184
2021-08-23,7735.T,1d,BUY,WIN,複合的な買われすぎシグナル点灯,65,3808.2117509803834,4100,5455.608898074128,0,0,3879.6435546875,23.713384849184198,-10.765624274876851,0.6449416255252807,-10.263314880868403,27.467969214682288,23.048260709231045,Bullish,Weak Trend,5.679811616875443
2025-04-24,5713.T,1d,BUY,WIN,RSIダイバージェンスを重視。短期反発期待。,60,2992.220459154283,3400,3710.6578504627796,0,0,3114.0732421875,28.47643248611697,3.7761210524229094,0.9545247973739533,9.335219680745293,38.65535830199566,60.5440195576501,Bullish,Weak Trend,9.181760850674436
2025-05-22,8306.T,1d,BUY,WIN,強トレンド継続を期待,65,2019.6659305323778,2150,2339.792252113966,0,0,1916.5701904296875,45.62060693700302,8.128839797785513,0.727245961362379,5.675635386841695,33.22064860980165,69.51722954800672,None,Strong Trend,5.379178942545104
2023-07-19,8766.T,1d,BUY,LOSS,RSI売られすぎ。VWAP下乖離,60,2906.1980423774676,3100,3414.365207671076,0,0,2967.201904296875,24.850598047963313,-2.5954222019782924,0.7681770209197445,-2.129645928576577,35.79522268966519,32.08561579362633,None,Weak Trend,-2.0559390256209493
2022-07-21,6963.T,1d,BUY,WIN,RSIダイバージェンス、雲接近で上昇期待,60,2226.8677480723486,2380,2585.625710627536,0,0,2281.4345703125,18.365577219807797,3.773587336190354,0.5362404634735238,3.6158741270071912,52.43004963862628,62.08798213184921,Bullish,Weak Trend,4.320326822872636
2025-05-28,7267.T,1d,BUY,WIN,VWAP以下から反発上昇,65,1389.5117570269942,1450,1672.2590797726805,0,0,1399.666748046875,18.852707731909952,-0.42198449335379973,0.8531279675114323,-1.3305831315212857,44.2244113945319,47.46093987876273,None,Weak Trend,3.5960882848264486
2022-02-21,7532.T,1d,BUY,LOSS,RSIダイバージェンスと雲サポート,60,345,385,408.4001770019531,0,0,364.1438903808594,49.47360496736,13.688693548076225,0.8170871008311251,8.171802430051772,31.042018710592696,78.17255277733958,Bullish,Strong Trend,-5.257232343191784
2024-12-23,6367.T,1d,BUY,WIN,短期反発に期待。限定的な買い。,60,17233.803721763805,18000,19083.42498075537,0,0,17286.06640625,17.631164509452923,-3.149836997173594,0.9265670395435013,-2.9366587303882894,38.0248758102469,29.487145494039297,Bullish,Weak Trend,4.1301102111459445
2025-05-13,5253.T,1d,BUY,LOSS,RSIダイバージェンスで買い,60,2150,2400,2365.0,0,0,2248.0,32.42964692816242,2.479941648431816,0.9622577875889134,3.330314570023865,39.034809537584465,57.254901960784316,Bullish,Weak Trend,-4.359430604982206
2021-09-14,9432.T,1d,BUY,LOSS,トレンド継続を期待,60,109.6483428009749,118,116.74614215731621,0,0,112.97821044921875,65.9752645666971,8.472274547922055,1.2445261445010918,6.594410799035236,23.64354290191375,86.30419051582507,None,Strong Trend,-2.9473538614249435
2022-03-28,7974.T,1d,BUY,LOSS,強いトレンドに乗る。リスクリワードを考慮。,60,5752.985737434004,6200,6070.1916275400245,0,0,5978.794921875,26.430944178681898,10.796958154971747,0.9323777969144542,9.866403832670532,23.744685967200102,84.32905891133892,None,Strong Trend,-3.776834418836042
2024-06-10,6702.T,1d,BUY,LOSS,RSIダイバージェンスと雲上限位置,60,2380,2550,2832.509293293928,0,0,2447.244873046875,20.23855932456513,5.862225355214923,1.4973463830159308,6.09446815971978,32.927926129922156,68.62242434074928,Bullish,Weak Trend,-2.7477786872693954
2022-06-06,7532.T,1d,BUY,LOSS,上昇トレンド継続期待,65,389.2598373254442,425,509.01533565311706,0,0,403.935791015625,32.237849348133956,7.396484750278942,0.6270747385589561,9.175689829094807,33.68781379224915,64.62350130732919,None,Strong Trend,-3.6332392465843903
2024-03-27,6526.T,1d,BUY,LOSS,上昇トレンド継続期待,60,3950,4300,5096.4094467847735,0,0,4127.60693359375,24.069776958602695,9.133880785865767,1.4394597423044562,8.013277471072676,42.49475738009118,61.887892480543286,None,Weak Trend,-4.302903266981248
2024-03-06,6963.T,1d,BUY,LOSS,RSIダイバージェンスとVWAP乖離,60,2350,2600,2454.308094647172,0,0,2434.870849609375,16.574490548826287,-1.7025977321042718,0.8073973838520523,-1.483720372622941,58.89391884022157,50.42463988296504,Bullish,Weak Trend,-3.4856407116209382
2023-01-19,3993.T,1d,BUY,WIN,"RSI Divergence, Low risk entry",60,1653.75,1750,2125.0,0,0,1660.0,39.09043615627932,-1.0207975577179895,0.9868180599887917,0.2763081249829476,65.0637088235136,46.721311475409834,Bullish,Volatile Transition,5.421686746987952
2023-09-20,4385.T,1d,BUY,WIN,RSIダイバージェンス発生,60,3040,3250,3446.0,0,0,3146.0,9.837213048301708,-0.8609279870923858,0.6452995909665009,-0.963181929233169,51.9314516392697,41.17647058823529,Bullish,Weak Trend,3.3057851239669422
2025-09-10,6526.T,1d,BUY,WIN,VWAP以下、雲の上抜け,60,2650,2850,3491.0,0,0,2751.355224609375,15.233713386779444,-2.044502897976297,0.612452651440837,-1.212015344182189,55.418334237308095,55.162072050093514,None,Weak Trend,3.5853158657341364
2024-10-11,3993.T,1d,BUY,WIN,雲の上抜け。トレンド転換の兆候。,60,3400,3700,4290.0,0,0,3550.0,29.57639085144991,8.18684935514542,0.7890408838496217,5.774209294528601,63.68739781730754,66.77740863787375,None,Volatile Transition,4.225352112676056
2024-08-08,5401.T,1d,BUY,WIN,"RSI Divergence, Oversold",55,525,550,578.2459875274595,0,0,536.6707153320312,62.23324066907564,-5.593407943835283,0.879851982696932,-2.7030407517773836,43.167725841686334,38.765098933195496,Bullish,Weak Trend,2.483698902728854
2025-07-18,5595.T,1d,BUY,WIN,VWAP下乖離、雲の上、反発期待,55,1980,2150,2345.0,0,0,2053.0,25.44716626309216,-2.7124876791265295,0.8821024749419643,-2.804824226437473,47.9829956785213,42.88093255620316,None,Weak Trend,4.72479298587433
2025-01-29,5253.T,1d,BUY,WIN,テクニカル指標は買いを示唆,55,2700,2950,3420.0,0,0,2802.0,35.851962092087454,3.585951940850274,0.8752874802357338,2.0610514199020136,51.44091744750545,63.66906474820144,None,Weak Trend,5.281941470378301
2021-10-29,4543.T,1d,BUY,LOSS,RSIダイバージェンス、VWAP下乖離,60,2387.64711208927,2530,2509.0705452286147,0,0,2409.66796875,36.5138611792424,-1.6608292322345508,0.9341911336927433,-0.49918383498240243,61.96113274079046,48.04213050625671,Bullish,Volatile Transition,-0.9138543959711174
2022-02-25,6890.T,1d,BUY,LOSS,RSIダイバージェンス、VWAP乖離,60,1950,2200,2695.5288131678135,0,0,2016.3399658203125,33.63470119924852,-12.841596595955663,0.5468121189705137,-10.816462791599653,40.392728774149,36.38329121776334,Bullish,Weak Trend,-3.2901180825091294
2022-12-20,6702.T,1d,BUY,WIN,RSI売られすぎ、VWAP以下,60,1665.2542081755453,1740,1834.9662439855654,0,0,1689.7950439453125,18.353899679158125,-5.279604231189639,1.0793186510667585,-5.3843237750740816,39.18340733930475,27.814450786579428,None,Weak Trend,2.9710677773956298
2024-07-18,7011.T,1d,BUY,LOSS,短期上昇トレンド継続,60,1850,2000,2367.8820610771354,0,0,1915.1453857421875,68.85121259410211,9.316710107566472,0.9657351319218962,2.8136447480199953,48.5347479383151,64.46539882697763,None,Weak Trend,-3.401589572634003
2022-03-14,6758.T,1d,BUY,WIN,VWAP乖離とRSIダイバージェンスによる反発期待,60,2254.184673671816,2350,2554.8262469878878,0,0,2218.536865234375,50.873054622356634,-4.356885763612683,0.8662604100787885,-2.7054026482716513,64.97773511829449,42.477895067372245,Bullish,Volatile Transition,5.925668255764446
2025-06-20,4063.T,1d,BUY,WIN,RSI強気乖離、VWAP下乖離,60,4509.529719388584,4600,5000.19677568459,0,0,4359.3486328125,30.67617337170747,-3.1021382530990738,1.3356987668962432,-3.1325661535093983,55.51935970822255,36.265437625099146,Bullish,Weak Trend,5.520351489581142
2023-12-12,3687.T,1d,BUY,WIN,VWAP乖離から短期反発期待,60,1158.8153342510604,1250,2464.0431161876354,0,0,1195.78564453125,54.37291765642602,0.24630571211374797,0.610278210617086,-4.47643212265135,47.66193614972141,51.59705618706338,None,Weak Trend,4.53378544195537
2023-10-03,6027.T,1d,BUY,LOSS,売られすぎ、雲でサポート,60,4600,5000,5090.0,0,0,4780.0,24.366707765742742,-6.811712870901077,1.1807439628691225,-7.026584290814891,49.19767733908955,33.68794326241135,None,Weak Trend,-3.765690376569038
2022-04-27,6315.T,1d,BUY,LOSS,RSIダイバージェンスとVWAP乖離,55,630,700,666.4625797501432,0,0,657.456298828125,39.193719929405816,-8.603553232990379,1.4956058027961479,-6.137512101179544,53.35476773444985,44.72890580682404,Bullish,Weak Trend,-4.176140509576705
2023-10-05,7011.T,1d,BUY,WIN,"RSI, VWAP Oversold. Mean Reversion.",60,730,760,867.1475354727845,0,0,744.5552368164062,27.639347469483663,-9.524695337134437,1.109192374188217,-9.731401063690539,31.247558378452542,26.883602180435858,None,Strong Trend,2.0743609634166265
2025-02-05,8766.T,1d,BUY,LOSS,RSIダイバージェンス発生。反発の可能性。,60,4820,5150,5994.509195315093,0,0,4921.2099609375,38.65551091468753,-4.308292805805214,0.6713215217999101,-3.121352492784536,53.851480119806276,31.603086689613136,Bullish,Weak Trend,-2.056607251892567
2023-07-21,6758.T,1d,BUY,LOSS,"RSI Divergence,雲抜け期待",60,2530,2680,2653.971435546875,0,0,2582.109375,25.336912683892304,-0.17202437344832067,0.7847061697769259,0.7991181751977442,50.65211276633514,52.69785095257233,Bullish,Weak Trend,-2.0180932498260264
2022-10-11,9104.T,1d,BUY,WIN,"RSI Divergence, VWAP Deviation",60,2200,2350,2794.8904706330577,0,0,2262.607177734375,45.487432994068605,-4.367678045725876,0.6769020966194106,-1.6842290976656114,47.71699300612674,37.63464694307691,Bullish,Weak Trend,3.862483206348456
2024-03-15,6228.T,1d,BUY,WIN,RSI Divergence、VWAP Deviationが示す反発期待,60,2300,2500,4935.4467757703405,0,0,2375.77392578125,35.741312258397684,-25.07836761310902,0.5117034762270349,-23.731685307937603,40.43781753164474,30.6691539164529,Bullish,Weak Trend,5.22886764900829
2024-05-31,6902.T,1d,BUY,LOSS,底値圏、強気ダイバージェンス,60,2355.201793972043,2600,2494.0962955560503,0,0,2430.537109375,22.767185235436198,-2.9478269320176054,1.6880740581213556,-1.956257734604732,50.489291201273616,47.908706471044155,Bullish,Weak Trend,-3.099533642682336
2025-02-04,8766.T,1d,BUY,WIN,RSIダイバージェンス、VWAP乖離,65,4993.2287364118365,5200,5994.509195315093,0,0,4914.43017578125,38.04974553362408,-4.800142834504051,0.6918203744113931,-3.6426326128126534,45.9616716421024,34.78896421964423,Bullish,Weak Trend,5.810843048011213
2023-10-13,2222.T,1d,BUY,LOSS,売られすぎ+雲の上抜け,55,2150,2350,2395.993986834043,0,0,2224.71240234375,16.074502568456765,-3.286402551884471,0.8916335455931165,-3.5819502666123264,59.564594280920836,47.916666666666664,None,Weak Trend,-3.358294863868245
2021-11-18,3687.T,1d,BUY,WIN,雲上+強気ダイバージェンス,60,854.2020408005392,830,918.101885306735,0,0,796.263916015625,24.04348443285975,7.429461450986508,1.243455497382199,6.383679115969463,40.23280768037003,60.142357295166114,Bullish,Weak Trend,4.236796783808171
2024-12-23,5713.T,1d,BUY,WIN,RSI Divergence+売られすぎ,60,3420.5596353751944,3600,3619.965612088526,0,0,3381.094482421875,16.319167953071183,-5.441078148453982,0.7500537595871264,-4.515343329463293,37.364071043078226,32.658563547909225,Bullish,Weak Trend,6.474398119194917
2023-11-20,6301.T,1d,BUY,LOSS,強気ダイバージェンス発生,55,3418.7378639616777,3750,4022.5934464738175,0,0,3521.378173828125,30.736474794905803,4.072662145299466,0.8297695830436138,6.1048287651724165,30.245526779359466,79.54219445418165,Bullish,Strong Trend,-2.9147766811670217
2022-09-28,4385.T,1d,BUY,LOSS,RSIダイバージェンス、売られすぎ,55,1950,2200,3190.0,0,0,2011.0,13.78032431742048,-9.831949351650927,1.0640523286602013,-9.16719624438314,53.84565849448383,37.594936708860764,Bullish,Weak Trend,-3.0333167578319244
2024-04-12,9104.T,1d,BUY,WIN,RSIダイバージェンスとVWAPからの乖離,60,4125.84211362621,4350,4911.899476709906,0,0,4169.6162109375,18.836050865799255,-0.9657849673703423,0.524751470490658,-0.8529307279547461,53.7293341820813,44.67742098865478,Bullish,Weak Trend,4.326148497536236
2024-06-05,6228.T,1d,BUY,LOSS,短期リバウンド狙い。RSIダイバージェンス。,60,2850,3150,3270.416748046875,0,0,2946.357177734375,23.378619513950646,-8.927782947003582,0.6165710974805698,-6.8907872385097475,61.5613952391613,47.655647526975216,Bullish,Weak Trend,-3.270383457326434
2024-06-21,8411.T,1d,BUY,WIN,短期リバウンド狙い,60,2954.4657719867773,3000,3382.5827160957533,0,0,2936.434326171875,18.80549465743182,-1.0520360165065523,1.1430552038157373,-1.2689325049595999,36.99741519599095,27.951805732385182,None,Weak Trend,2.1647231562979754
2024-11-05,7013.T,1d,BUY,WIN,RSI売られすぎ、雲上抜け,60,1190.4396031936622,1150,1400.7571595084407,0,0,1099.908203125,24.210823626144908,-1.877198630985566,0.7605329199837829,-2.4571282097749663,52.671860874564025,36.699898080760235,None,Weak Trend,4.554179769973701
2022-05-18,6367.T,1d,BUY,LOSS,RSI divergence & Cloud,65,18600,21500,23595.01477773777,0,0,19478.498046875,20.595145459026078,1.262748116244139,0.6576324994855816,1.7791150397492732,54.13036554291916,49.294344120444514,Bullish,Weak Trend,-4.510091305607315
2022-06-20,8031.T,1d,BUY,LOSS,RSIダイバージェンスと売られすぎサイン,60,1300,1450,1499.3019449143183,0,0,1351.6905517578125,34.91920461028458,-6.147047101497494,1.0423067537986666,-6.925468512398801,36.950848634839744,39.251350925667325,Bullish,Strong Trend,-3.824140938959089
2023-04-19,8001.T,1d,BUY,LOSS,トレンドフォロー、押し目買い,70,4150,4350,5530.959316044006,0,0,4221.34130859375,31.291712591827547,6.7831283836234935,0.7905006819854022,5.112684997699709,34.800101922641204,64.74206182888756,None,Strong Trend,-1.690015172393531
2023-03-02,7532.T,1d,BUY,WIN,雲上限突破、RSI強気。,60,481.3263838792631,510,529.9810452946153,0,0,493.97052001953125,33.949139744812264,3.2648684986431364,1.209647434940606,2.3819619267669414,44.550575627679756,56.99799848431366,None,Weak Trend,3.24502765465335
2023-07-31,3092.T,1d,BUY,LOSS,RSIダイバージェンスと売られすぎを考慮,55,845,910,935.8053501600988,0,0,863.2453002929688,50.28573700347189,-3.4576997203444093,1.2790217065974945,-2.1590018094899284,54.385319457143595,35.43164364468528,Bullish,Weak Trend,-2.1135707645065254
2024-12-19,5713.T,1d,BUY,WIN,RSI強気ダイバージェンス発生,60,3422.4321911206794,3652.841622102287,3619.9658586765104,0,0,3343.224609375,19.877606924940444,-7.060491277099324,0.949031585439274,-6.630587781840866,36.940213897806316,33.02012426217226,Bullish,Weak Trend,2.369197137505124
2025-06-03,8035.T,1d,BUY,WIN,RSI売られすぎ、雲の上でサポート期待,50,23563.300291981126,24652.35800197525,28256.157881367413,0,0,22177.22265625,42.76150077298778,-1.496897230746086,0.7544267871785685,-3.135041592047384,58.98221697194044,34.00524290718893,None,Weak Trend,11.160709274061004
2025-07-01,4063.T,1d,BUY,LOSS,上昇の可能性、リスク管理。,65,4648.549670424986,5061.654016387278,5000.19677568459,0,0,4682.73974609375,27.636976284852846,3.9937147713703602,1.2407452443308173,3.759630216450856,39.32680036652474,53.457739700488204,Bullish,Weak Trend,-0.7301297428985757
2024-11-13,6315.T,1d,BUY,LOSS,RSIダイバージェンス発生,60,1490.4829649079288,2121.1154483836926,2173.6209459958627,0,0,1691.472412109375,12.546205191049966,-12.969212789511042,1.0682705786339846,-11.673580120508555,50.541502412296,39.843750471312525,Bullish,Weak Trend,-11.882514060681569
2024-10-24,6027.T,1d,BUY,LOSS,RSIダイバージェンス発生,60,2773.1428571428573,3236.714285714286,2967.0,0,0,2849.0,15.122596376660093,-4.815042497460842,0.6036403622999682,-4.8789310714342085,52.00303862521804,41.798298906439854,Bullish,Weak Trend,-2.6625883768740843
2024-08-01,8001.T,1d,BUY,LOSS,RSI売られすぎ、雲の上。弱トレンド注意,55,6748.1894549958515,7854.553707195797,7814.600432200092,0,0,7116.9775390625,32.74887688928448,-6.323479206666849,1.68753516033111,-6.277279379939639,44.44359644844346,31.001076279317132,None,Weak Trend,-5.181807614854829
2025-07-08,6228.T,1d,BUY,LOSS,RSI強気ダイバージェンス発生,60,726.4285714285714,823.1428571428571,1197.0,0,0,730.0,34.4479664716763,-6.164841380019547,1.0158415841584159,-4.447896629031111,39.48247888784449,32.624113475177296,Bullish,Weak Trend,-0.48923679060665143
2025-02-17,4478.T,1d,BUY,WIN,トレンド継続の可能性が高い,70,3935.0,4500.0,4235.0,0,0,3900.0,49.11909435067758,18.816948780755304,3.13960003667519,11.14721399355195,23.48261650289634,86.11111111111111,Bullish,Strong Trend,0.8974358974358974
2025-07-22,6890.T,1d,BUY,LOSS,トレンド継続、ただし高値警戒,60,3513.605973931388,4125.222523646077,4300.0,0,0,3622.57763671875,72.6038694249699,18.12687133141089,1.175083858428164,12.04829311151934,29.762460142413286,82.90155854343527,None,Strong Trend,-3.0081249793742533
2025-04-04,6254.T,1d,BUY,LOSS,RSIダイバージェンス発生,60,1844.8394388218828,2568.5108196218594,2735.0384830097087,0,0,2086.063232421875,23.155234798508793,-14.93207757709396,1.2320582620377571,-15.625652824887176,30.449786386312777,31.172665855750438,Bullish,Weak Trend,-11.563589724935447
2025-02-19,7013.T,1d,BUY,LOSS,上昇トレンド継続の可能性,65,1223.6932977510412,1633.5838634822928,1918.009126402512,0,0,1360.323486328125,46.112823616996536,6.465375593082379,0.95621084004253,5.388335614561428,62.79213398350971,59.41218440444552,None,Volatile Transition,-10.043948365979112
2025-04-03,1605.T,1d,BUY,LOSS,トレンド継続期待,60,1844.3557930401557,2102.650352396251,2127.936508214213,0,0,1930.4539794921875,58.82829781215857,-1.4840817991881305,1.4029278271431311,-2.4953533877665097,42.56001035573027,49.263731288311895,None,Weak Trend,-4.459996838395504
2024-09-03,9983.T,1d,BUY,LOSS,トレンド継続、リスク管理,70,44130.87893403901,51176.976506921994,54720.847286937125,0,0,46479.578125,48.60833354834001,10.0182233760423,0.5252385793372362,10.750616532370609,29.320000171863715,82.96426585689235,None,Strong Trend,-5.053185260512717
2025-03-07,6963.T,1d,BUY,WIN,反発の可能性、リスク低減,60,1502.2325788186702,1673.3088381238736,1710.1716668281845,0,0,1472.353271484375,16.24113277846374,-1.8418857017453827,0.8431742773965156,-2.9302124735086807,43.31694458542136,43.19399710679312,None,Weak Trend,2.0293572142623004
2025-09-10,6758.T,1d,BUY,LOSS,VWAP上方乖離,40,4262.228265100834,4666.459158960817,4776.0,0,0,4263.36767578125,34.31028428962515,4.463902400686437,0.9712061683269606,3.278121686249328,53.92087542309145,61.9109888074172,None,Weak Trend,-0.026725602084216444
2025-05-16,9166.T,1d,BUY,LOSS,RSIダイバージェンス発生,60,916.5714285714286,1191.857142857143,1027.0,0,0,971.0,25.947102224644535,-9.279467822707222,3.1483893832434555,-8.917951960712555,39.857303507021385,43.60189573459716,Bullish,Weak Trend,-5.60541415330293
2025-08-27,8001.T,1d,BUY,WIN,トレンド継続期待,65,8348.103412521095,8781.583693621507,9630.0,0,0,8153.24853515625,29.801542107110013,3.1341581705908172,0.8591659417018137,2.93825499548908,55.449552048389094,61.89206241379004,None,Weak Trend,2.389904791012374
2025-05-22,8035.T,1d,BUY,WIN,トレンド継続を示唆,75,22489.79731228854,25294.481547297917,28256.157881367413,0,0,22454.439453125,58.595617281525634,4.70237810790215,0.9780777419228638,2.646702100244177,34.966502025118906,63.79149404361657,None,Strong Trend,0.15746489346729453
2025-07-04,4478.T,1d,BUY,LOSS,RSIダイバージェンス発生,60,3482.1428571428573,4135.714285714285,4330.0,0,0,3540.0,13.573770498881146,-6.418525959606647,0.641593254657822,-5.882316863125551,57.266571202910924,43.627450980392155,Bullish,Weak Trend,-1.6343825665859508
2025-02-21,9101.T,1d,BUY,LOSS,トレンド↑、RSI高め,60,4848.124432097613,5342.938190316711,5174.949003772931,0,0,4885.544921875,51.8272529984802,3.758928564317654,0.8956228279865812,2.0990087111097355,40.66018421776694,69.67318888930285,None,Weak Trend,-0.7659430089330878
2025-04-02,8002.T,1d,BUY,LOSS,上昇トレンド継続の可能性,60,2222.1788211549792,2579.0342033931665,2929.6194975103945,0,0,2341.130615234375,21.088533944959778,-1.2401712905338536,0.7393063332970334,-2.2779720233281395,47.53797451851934,53.83267508631646,None,Weak Trend,-5.080955043915279
2025-02-20,3993.T,1d,BUY,LOSS,トレンドフォロー,60,3646.4285714285716,4982.142857142857,4100.0,0,0,4075.0,49.35315198362523,8.004240657301875,0.7654665999643487,1.2761953543675522,33.835694202495525,58.513189448441246,None,Strong Trend,-10.517090271691496
2025-06-13,9983.T,1d,BUY,WIN,VWAP乖離とCloudで反発期待,55,47965.05504661803,49964.0156387914,49990.0,0,0,46165.0,15.61049190067276,-3.4967343722920763,2.086384554413278,-3.0724493750985524,47.96934996745348,44.42772358286261,None,Weak Trend,3.89917696657214
2024-08-20,9983.T,1d,BUY,LOSS,上昇トレンド継続の可能性,60,43095.68423845713,51421.99933298269,54720.847286937125,0,0,43466.99609375,30.705800061065425,7.619928361463146,0.8140090873815574,9.525163279827407,42.92374133567834,59.29356897116174,None,Weak Trend,-0.8542385917168582
2025-03-10,9348.T,1d,BUY,WIN,RSI Divergenceで強気サイン,60,707.4285714285714,759.1428571428571,1460.0,0,0,654.0,41.225864436227596,2.366641622839971,0.5453509509726782,1.7474427099911858,50.917224556731945,56.99999999999999,Bullish,Weak Trend,16.076889471384877
2025-02-14,9348.T,1d,BUY,WIN,Slightly bullish after cloud bounce,60,651.1428571428571,736.7142857142857,1460.0,0,0,631.0,27.517485451649073,-8.311537343795417,0.7150109158088991,-5.134500039083041,55.73398245813726,36.904761904761905,None,Weak Trend,3.1922119085351994
2025-02-28,7751.T,1d,BUY,LOSS,類似局面で高い勝率のため,70,4888.254923189786,5383.541804829613,5096.516304120218,0,0,4967.01904296875,14.23436028456527,0.6080644798350354,0.9853792438830288,0.4221252076779969,42.74162409153042,60.859184291645136,None,Weak Trend,-1.5857422550143414
2025-07-11,8766.T,1d,BUY,WIN,RSIダイバージェンスと類似局面高勝率,70,5992.6832546915975,6135.807263218184,6597.204639729147,0,0,5668.08984375,18.256012401711686,-2.7588513791200975,0.8791379176680363,-2.248256950469072,41.01941564751019,47.24308452906091,Bullish,Weak Trend,8.251764392618426
2025-07-09,7974.T,1d,BUY,LOSS,類似局面勝率高。VWAP以上。,70,12609.84244157873,14297.231643494808,14747.201014945304,0,0,12943.048828125,30.254768109147445,1.8671066931163383,0.7386203189644783,0.1435786721581872,45.79439134523554,45.33763111337369,None,Weak Trend,-2.5744041529242976
2024-10-03,6146.T,1d,BUY,LOSS,RSIダイバージェンス発生、類似局面で高勝率,75,35847.83232556983,48127.47597386034,47286.643517807264,0,0,39941.046875,37.35508957923668,8.84344292852839,1.0616673811104238,12.06069763557331,49.08469306290692,66.83360584810569,Bullish,Weak Trend,-10.248140371083284
2025-05-15,7011.T,1d,BUY,WIN,類似局面で高い勝率。雲の上で買いサイン。,75,2993.519453034731,3160.427325202943,3939.710637405254,0,0,2737.4609375,35.934608181958694,3.813030124051453,0.8412493815064518,1.442978480365474,50.4207866247148,64.68601938446741,None,Weak Trend,15.451047425327616
2025-03-06,6526.T,1d,BUY,LOSS,RSIダイバージェンスと過去データが良好,65,1944.846683509367,2471.8907534006744,2315.2613868807443,0,0,2058.533935546875,39.833615865860715,-1.011994863162169,0.8801112603054995,-0.13536227271875992,49.477190138365415,52.0967834935977,Bullish,Weak Trend,-5.522729068214536
2025-07-09,4483.T,1d,BUY,LOSS,トレンドは弱いが、買いサイン複数,75,3886.1428571428573,4505.714285714285,4850.0,0,0,3980.0,25.097620433572953,3.9305597626831945,1.8624698152411974,3.26588113082351,58.4947974191536,55.29841656516444,None,Weak Trend,-2.358219669777454
2024-12-10,7267.T,1d,BUY,LOSS,反転シグナル多数、類似局面の勝率高,75,1217.8569325266567,1358.8566503833254,1548.1311480362813,0,0,1256.572021484375,37.0104216433736,-1.851714489127343,0.8337882492391131,-1.1484795940666603,49.28341980226881,38.47926497787648,Bullish,Weak Trend,-3.081008354139908
2025-08-18,6890.T,1d,BUY,WIN,トレンド継続、過去類似局面の勝率が高い,75,3884.8393170023146,4074.873901767407,5190.0,0,0,3666.75537109375,33.003322356222036,2.649368413824904,0.5726631296833123,0.6890821830705565,50.873845552641136,54.73683438984907,None,Weak Trend,11.13023611804024
2024-08-29,7011.T,1d,BUY,LOSS,過去データが強気を示唆,65,1806.1316189288166,2213.628930838398,2422.960845358074,0,0,1909.7159423828125,24.986864687137036,8.262540678849195,0.5491816217044247,11.720791714697194,45.4750828586191,71.25912346994451,None,Weak Trend,-5.4240696825702
2024-11-19,6506.T,1d,BUY,LOSS,反転の可能性が高い,75,3975.541120744504,4553.8247380550965,4649.247616928697,0,0,4110.7587890625,16.001230551100463,-3.993293798773445,0.7593386800021911,-3.7485620481986204,40.77584110372535,40.26117503033455,Bullish,Weak Trend,-3.28936031658607
2025-07-02,6027.T,1d,BUY,LOSS,類似局面で勝率高。雲上抜けBUY。,75,3097.285714285714,3715.4285714285716,3895.0,0,0,3250.0,15.938199392339886,3.2034346103038347,1.1886941974112881,2.7941575234089266,46.539539097195764,50.0,None,Weak Trend,-4.698901098901101
2024-08-16,7013.T,1d,BUY,WIN,トレンド弱いが上昇期待,70,828.0967844962144,1041.7416203895211,1340.1066085882082,0,0,816.0794067382812,17.140184720054126,8.86181817770877,1.0681217679430228,11.981251991692037,46.62722909859413,59.40307371923957,None,Weak Trend,1.4725745630519393
2024-10-31,2413.T,1d,BUY,LOSS,反発期待、過去局面の勝率考慮,65,1449.0430927593172,1858.6396874533143,1595.1259369742556,0,0,1566.4739990234375,35.08255490802451,-4.35658412460228,2.480476428464283,-5.983385463517264,46.29854285613331,38.73084838288851,None,Weak Trend,-7.496511677648552
2024-09-10,9348.T,1d,BUY,LOSS,トレンド継続期待。類似局面で高勝率。,75,692.4285714285714,877.1428571428571,765.0,0,0,732.0,47.65766793766239,20.497794166063077,5.103090159344296,13.168369892903609,39.52531193741808,74.20494699646643,None,Weak Trend,-5.405932864949256
2024-10-01,4063.T,1d,BUY,LOSS,トレンド継続と類似局面勝率,75,5716.962043274781,6819.425046370797,6120.286627007054,0,0,6012.77587890625,43.67027727317876,3.5451344081922187,0.7568600487547884,5.501872147332816,43.73007535043653,66.25191552919449,None,Weak Trend,-4.919754895059871
2025-06-06,9107.T,1d,BUY,WIN,反発の可能性が高い。リスク管理徹底,70,2009.7694274246492,2168.682404235993,2281.2282592235683,0,0,2007.266845703125,51.784690214995976,-2.0245890132801203,0.8080364485248973,-3.2769607313961133,48.714234035904006,38.83334239209965,None,Weak Trend,0.12467608513941938
2024-09-26,6702.T,1d,BUY,WIN,類似局面の勝率が高く、上昇余地あり,65,2969.320678170208,3274.291850312092,3161.354054498129,0,0,2890.22509765625,62.495379229049774,5.939405372193174,0.899542249608385,3.9737199410721264,59.485790683736994,61.33146208603648,None,Weak Trend,2.73665814396596
2024-12-25,6890.T,1d,BUY,WIN,類似局面の勝率が高く、上昇トレンドの兆候あり,70,2485.005723821674,2608.922796205221,2931.10607950311,0,0,2416.375244140625,25.164669539072708,0.9815356541283515,0.8232101165009422,0.35694270800114,52.262826753752506,46.08503477174186,None,Weak Trend,2.840224416611969
2024-08-07,4385.T,1d,BUY,LOSS,類似局面で高い勝率。下落余地小,70,1970.9285714285713,2474.6428571428573,2774.0,0,0,2012.5,24.90642447932539,-10.94502265647126,0.8616662341032961,-10.10611769445965,38.21495191323939,34.25047438330171,None,Weak Trend,-2.0656610470275116
2025-03-31,7012.T,1d,BUY,LOSS,類似局面勝率が高く、買い優位,70,8171.74381255775,10583.194534381732,10930.033908269852,0,0,8859.1318359375,34.80161529995288,2.4737095985068347,0.7128065850499311,-0.7211164148487703,40.919721118909685,59.79011547386828,None,Weak Trend,-7.759090124286523
2025-08-13,9983.T,1d,BUY,LOSS,上昇の可能性が高く、リスクも許容範囲。,70,47669.544935936356,52742.95202612458,59830.0,0,0,48372.8046875,18.15774448067256,5.598639986059517,1.1353268260772262,5.208079741584084,49.09347440024861,59.932287064896514,None,Weak Trend,-1.4538329048870997
2025-08-14,3993.T,1d,BUY,WIN,レンジ内で勝率高、買い戦略,70,3595.0,3900.0,4515.0,0,0,3520.0,14.859372685608133,1.4701643124819919,1.8002360261774488,0.929905338861167,62.58563076756528,52.23880597014925,None,Range/Chop,2.130681818181818
2025-02-28,5411.T,1d,BUY,WIN,類似局面で高勝率,70,1829.9608027946008,1927.192810360543,1922.1504364507484,0,0,1786.69384765625,11.385841369874418,4.674303433677673,1.35395516557747,4.321983813832621,40.93703221099586,64.37009827753593,None,Weak Trend,2.4216210961440057
2025-06-19,9984.T,1d,BUY,WIN,トレンド継続、類似局面勝率高,75,9112.2066407266,9449.241991984301,18638.21645747951,0,0,8735.7900390625,29.483186724056043,11.68889821754091,0.7408177470201438,9.643227103296867,21.246840609048057,80.17057174811939,None,Strong Trend,8.166999775996986
2025-01-21,6723.T,1d,BUY,LOSS,類似局面勝率高・雲上抜け,75,2076.9213087011703,2348.157382597659,2750.0,0,0,2079.0,15.915645741641283,2.930791913525388,0.7147250338393656,2.240421527782605,53.84153607031014,57.480858514338706,None,Weak Trend,-0.09998515145885778
2025-01-17,8411.T,1d,BUY,WIN,類似局面勝率高,70,3966.7971330485093,4122.667040454097,4363.393647298213,0,0,3784.90234375,15.134387660276973,1.0702150123089504,1.4751421522550148,0.533612435769447,59.61285071501028,59.133114377123405,None,Weak Trend,8.924000305102913
2025-01-07,1605.T,1d,BUY,LOSS,RSIダイバージェンス発生,75,1905.3401158288125,2027.492302834357,2098.192262677061,0,0,1935.330078125,21.35266837525479,2.4655293288898372,1.1675855019026684,2.3524739737787046,37.45148526611726,61.85119148512212,Bullish,Weak Trend,-1.5496045163129277
2024-09-26,4385.T,1d,BUY,LOSS,トレンド継続の可能性が高い,80,2408.5714285714284,3174.857142857143,2691.5,0,0,2609.0,41.288348110368226,7.29560783023524,0.6504945906832655,5.2319464402627505,53.00158173490753,64.64757709251101,None,Weak Trend,-7.682198981547396
2025-03-03,9348.T,1d,BUY,LOSS,RSIダイバージェンス&高勝率,75,654.8571428571429,769.2857142857143,1460.0,0,0,671.0,23.419789444594702,4.797900918348219,1.3229066395667994,4.7205813337106965,62.55972148917528,63.78378378378379,Bullish,Range/Chop,-2.4057909303810896
2025-06-23,8035.T,1d,BUY,WIN,類似局面勝率高、雲上抜け,75,24825.61947770724,26152.29189626055,28256.157881367413,0,0,23469.244140625,21.228748193261797,0.47386443511463483,0.7652260486597482,-0.30589582245548563,49.25948052615974,60.88407269309783,None,Weak Trend,11.432186480139874
2025-02-04,8035.T,1d,BUY,LOSS,過去類似局面で勝率高,70,24145.070295022782,29181.594646151767,26041.779727473666,0,0,25388.17578125,37.02879803218353,0.36792314947198257,0.7559406925545626,-1.4362056109645152,44.46063914521034,52.42782729786717,None,Weak Trend,-4.896395459595375
2025-05-29,6526.T,1d,BUY,WIN,トレンド継続と類似局面勝率,75,2358.587513033951,2526.4413599248664,3199.342529979892,0,0,2144.29296875,74.37725906409737,22.216454453765834,1.104116719303768,16.246209031728572,37.20802967266374,80.49765442224111,None,Strong Trend,17.821650154346077
2025-05-26,2413.T,1d,BUY,WIN,トレンド継続、類似局面勝率高,65,2118.0,2248.5,2433.0,0,0,2004.5,59.45893830047482,7.192513368983966,0.5815081653866208,6.552211427557965,45.429535017322436,81.3753581661891,None,Weak Trend,5.662259915190821
2025-07-08,9104.T,1d,BUY,WIN,レンジ下限でダイバージェンス発生,70,4836.499570757443,4951.239782992588,5038.06707511891,0,0,4669.85888671875,19.330060959998004,-1.8434310915334984,0.72291313078661,-1.5381078083888133,61.86438295764545,42.956489401264406,Bullish,Range/Chop,6.025468929566484
2025-05-12,7011.T,1d,BUY,WIN,過去類似局面の勝率が高い,70,3007.4046893769655,3123.1863935340994,3737.342041015625,0,0,2727.990478515625,32.8330464147458,5.313997861865105,1.2102023933340857,2.313014740870061,43.261240914422274,57.339752883548485,None,Weak Trend,14.486704338994297
2024-11-20,8411.T,1d,BUY,LOSS,トレンド継続、過去局面勝率高,70,3580.9978689899303,4060.92810283436,4353.7039967896,0,0,3680.250732421875,55.53561469202665,13.504597103089155,0.8418379695750331,10.038460619633991,27.63994195508433,86.71775852260295,None,Strong Trend,-2.6969049298070242
2025-05-30,8035.T,1d,BUY,WIN,類似局面勝率高。上昇トレンド期待,70,23407.72023434823,25557.551320366038,28256.157881367413,0,0,22771.255859375,52.06729966685126,2.0335734170039643,1.5915958541934412,0.6968745244735391,57.06037304828586,50.854040025927524,None,Weak Trend,2.7950341382300037
2025-07-29,9101.T,1d,BUY,WIN,類似局面勝率高。リスク管理重要。,70,5076.266815684609,5373.292052317202,5518.379986657492,0,0,5052.64453125,12.019210913078478,-0.18941392106957,1.3978387337838856,-0.8840169403993063,46.9777646470663,53.734944540111016,None,Weak Trend,0.4675231809502601
2024-08-22,6857.T,1d,BUY,LOSS,反転シグナルと高い勝率を考慮,65,6099.8062876342,8298.1581278419,9957.220006825197,0,0,6557.34130859375,12.794567144515424,7.899683775224342,0.6633919160754042,7.165027723832251,54.37004651225655,46.94947177909061,Bullish,Weak Trend,-6.977447099786091
